"Region","Year","TyphoidRate","DiarrheaRate","HepatitisRate","UnsafeRisk","DataType","WaterStress","OpenDefecation","BasicWaterServices","BasicSanitationServices","SafeManagedWaterServices","SafeManagedSanitationServices","PopulationDensity","WaterProductivity"
"African Region",2000,0.04,22.74,0.7,10.68,"Historical",9.72499611927907,32.8754594129524,56.2606314113954,25.5792707349048,15.7240890344762,15.29002589752,77.9665313357609,26.081808629
"African Region",2001,0.04,22.66,0.7,10.62,"Historical",10.0726951241163,32.1405056661905,56.8915512648837,26.149801191619,16.0583011434762,15.56869548556,79.4786835983913,28.3511698312326
"African Region",2002,0.04,22.56,0.69,10.41,"Historical",10.4342041774884,31.3466123650476,57.5603276674419,26.7909226458571,16.448185324,15.9030541076,81.2120686877174,29.8325961841395
"African Region",2003,0.04,22.43,0.68,10.19,"Historical",10.6377752702326,30.5588058536905,58.2191847869767,27.4354666190238,16.8310775855238,16.24197593764,82.8727505988478,30.5087465766279
"African Region",2004,0.04,22.32,0.68,10.1,"Historical",10.7705906271163,29.7749748763095,58.8941827725581,28.1011107380476,17.327165559619,16.58857033124,84.3663011266304,33.5935226926512
"African Region",2005,0.04,22.27,0.68,10.06,"Historical",10.9004073156512,28.9927033249286,59.5719343718605,28.8358677144524,17.830862484619,17.01335889492,86.2152938894348,35.8844061346744
"African Region",2006,0.04,22.28,0.68,10.16,"Historical",11.0060801463953,28.2187715199048,60.2608141937209,29.5814553188333,18.3462653312381,17.4389681448,88.1617204339348,38.0062852628605
"African Region",2007,0.04,22.33,0.68,10.11,"Historical",11.0745538856744,27.4439469096905,60.9561381281395,30.3398417410952,18.907792812381,17.86386950564,90.1138437871522,40.7310196333256
"African Region",2008,0.03,22.37,0.68,9.95,"Historical",11.3250599919767,26.6704136415476,61.6562976437209,31.1053132080714,19.4762590477619,18.28787979964,92.2137151021522,44.1558561763488
"African Region",2009,0.03,22.38,0.68,9.81,"Historical",11.337547330814,25.902526127,62.3533086593023,31.8760928341905,20.0024960611429,18.70352286532,94.3375067863913,45.1447571125581
"African Region",2010,0.03,22.32,0.67,9.65,"Historical",11.4675968210465,25.1397557641429,63.0475610439535,32.6515895864048,20.5282612111429,19.08657079956,96.5575337470652,45.3410594277209
"African Region",2011,0.03,22.09,0.68,9.38,"Historical",11.5101247349302,24.3838943111429,63.7478397413953,33.4300177846667,21.2666223989524,19.5269206508,98.7348809083913,47.7512469929302
"African Region",2012,0.03,21.69,0.68,9.13,"Historical",11.6138817665814,23.6371232908571,64.4409423902326,34.2023708390238,22.0454413874762,19.95127966536,100.885353848761,50.9712281274651
"African Region",2013,0.03,21.2,0.68,8.87,"Historical",11.7101343537674,22.8960784265952,65.1303720727907,34.9783206381191,22.6464780514762,20.36902881516,103.108152227826,51.3881867410465
"African Region",2014,0.03,20.72,0.68,8.54,"Historical",12.0320834771628,22.1595488814524,65.8173913237209,35.7588453537619,23.1933965182857,20.78033415284,105.3483599455,53.0550447091395
"African Region",2015,0.03,20.33,0.68,8.26,"Historical",12.3628064656512,21.427581537381,66.5147792795349,36.5245989650714,23.7465036095238,21.18532931864,107.548777860891,52.1210307978372
"African Region",2016,0.03,19.98,0.68,8.06,"Historical",12.676668333093,20.7004482792857,67.2140870934884,37.2836357135238,24.2626394455238,21.587972006,109.68556322037,51.0407630431395
"African Region",2017,0.02,19.58,0.68,7.81,"Historical",12.8696058509535,19.9782844140238,67.9140206890698,38.0442567618333,24.7477718010952,21.98395681596,111.91140609587,50.9861366856047
"African Region",2018,0.02,19.27,0.67,7.53,"Historical",13.1425029552093,19.2604092995,68.5916416469767,38.7952158997143,25.2103468597619,22.34567973972,114.206748806891,50.928150293
"African Region",2019,0.02,19.13,0.67,7.25,"Historical",13.3200406056977,18.5494658906429,69.2468351451163,39.5465876040714,25.6525664560476,22.68340939016,116.54304196113,51.4266362735814
"African Region",2020,0.02,18.24,0.62,6.07,"Historical",13.5047730634419,17.8676387204762,69.8655587102326,40.2314262376905,26.0538854615238,23.0286829458,118.89039514437,49.3722290403953
"African Region",2021,0.02,18.14,0.61,5.36,"Historical",13.5486359834419,17.236480327381,70.4718865032558,40.8198980865714,26.341901802,23.31135824836,121.262494433696,50.7516621028837
"African Region",2022,0.0210104860383863,17.8815206451476,0.610501726866551,5.25156718999082,"Forecast",13.6690754444939,16.6457851586597,71.0815692108337,41.3846398068603,26.6578522628042,23.6019570919747,123.634593723022,50.8416055159386
"African Region",2023,0.0224761059584607,17.6023395222069,0.611108032929828,5.16417573127249,"Forecast",13.82396666739,16.087403233347,71.6943284872858,41.9599348590795,26.9967939553915,23.8994363758016,126.006693012348,50.9315489289935
"African Region",2024,0.0243150830277839,17.3060817858502,0.611807200037855,5.09403685351996,"Forecast",13.9943577271533,15.5548261151337,72.3099090803122,42.5444815639769,27.3546586257816,24.2028903188355,128.378792301674,51.0214923420484
"African Region",2025,0.0264591705268714,16.9957430626467,0.612583812875616,5.03798512669492,"Forecast",14.1717221586704,15.0428562773785,72.9280769150152,43.1371387952788,27.7280978896646,24.5115323823294,130.750891591,51.1114357551033
"African Region",2026,0.0288524194451569,16.6737754520713,0.613423153020701,4.9934222807074,"Forecast",14.3522239079562,14.5473430636256,73.5486173368832,43.7369061766099,28.114355852856,24.8246795720531,133.122990880326,51.2013791681582
"African Region",2027,0.0314493679478489,16.3421779696745,0.614312640507873,4.95823437240549,"Forecast",14.5341371355239,14.0649718301595,74.1713335005486,44.3429067209831,28.5111642713148,25.1417388070934,135.495090169652,51.2913225812131
"African Region",2028,0.0342132270061203,16.0025785039627,0.615242064689349,4.93070863812205,"Forecast",14.7166853867287,13.5930955588339,74.7960448922247,44.9543716115867,28.9166562623945,25.4621950831438,137.867189458978,51.381265994268
"African Region",2029,0.0371142681891427,15.6563036111463,0.616203362801012,4.90945950205876,"Forecast",14.8995193348691,13.1296003859367,75.4225859747304,45.5706268597541,29.3292952847211,25.7856011940479,140.239288748304,51.4712094073229
"African Region",2030,0.0401284645942887,15.3044361965135,0.617190267539733,4.89336610738861,"Forecast",15.0824818179712,12.6727982158275,76.0508049449331,46.1910816085795,29.7478166849434,26.1115688064583,142.61138803763,51.5611528203778
"Eastern Mediterranean Region",2000,0.06,15.2,0.83,5.57,"Historical",313.248728130143,12.5307511854118,79.0998408495238,75.0750310328571,65.3125393353846,54.076059011875,133.44745432019,34.13558968355
"Eastern Mediterranean Region",2001,0.06,15.06,0.82,5.31,"Historical",317.843334160143,12.2096439493529,79.397890907619,75.3777135952381,65.4762287592308,54.277452708125,137.277848742095,34.1800789566
"Eastern Mediterranean Region",2002,0.05,14.93,0.81,5.07,"Historical",323.524318301095,11.8425359566471,79.8046724247619,75.8251792247619,65.7075710053846,54.51462125625,142.81737351981,34.33949004675
"Eastern Mediterranean Region",2003,0.05,14.81,0.81,4.84,"Historical",327.694835843476,11.3936536292941,80.2688928366667,76.3573636504762,65.9379402730769,54.776987961875,147.995487005333,36.42913441125
"Eastern Mediterranean Region",2004,0.05,14.73,0.8,4.7,"Historical",344.64885773919,10.9411838227647,80.7326084942857,76.9064913080952,66.1734929446154,55.086055134375,153.48496085419,38.6874363449
"Eastern Mediterranean Region",2005,0.05,14.66,0.78,4.44,"Historical",361.856824913476,10.4649216388235,81.241702752381,77.5667710633333,66.4488490923077,55.450427325,159.483336487238,40.05499801205
"Eastern Mediterranean Region",2006,0.05,14.67,0.77,4.3,"Historical",369.535424714429,9.99192684988235,81.7727275266667,78.2258987452381,66.8902566392308,55.859069815,167.458625355048,44.1421486134
"Eastern Mediterranean Region",2007,0.04,14.75,0.76,4.17,"Historical",374.349002729667,9.64684101382353,82.2325674909524,78.824666637619,67.3307979138462,56.248126288125,175.732820250238,47.77748448165
"Eastern Mediterranean Region",2008,0.04,14.88,0.75,4.04,"Historical",379.063835145857,9.15256089005882,82.7943998190476,79.50004115,67.94349613,56.71056947375,182.813007334048,51.5053716379
"Eastern Mediterranean Region",2009,0.04,14.95,0.74,3.85,"Historical",383.484488808238,8.66370663317647,83.3560176133333,80.1748645219048,68.6391959946154,57.233116998125,191.002834208429,53.0088075635
"Eastern Mediterranean Region",2010,0.04,14.93,0.73,3.61,"Historical",388.101091757762,8.17951774805882,83.9181985904762,80.8499168942857,69.3401549738462,57.75936453625,196.493755376143,57.5064007451
"Eastern Mediterranean Region",2011,0.04,14.76,0.72,3.26,"Historical",392.072995708238,7.70049410076471,84.4746331247619,81.5223305514286,70.0536810246154,58.289409715,196.699968985619,61.6475087778
"Eastern Mediterranean Region",2012,0.04,14.46,0.72,3.15,"Historical",397.69536000919,7.26292105352941,85.028170072381,82.1746540195238,70.7902815053846,58.80446933875,200.778249203857,63.73757027165
"Eastern Mediterranean Region",2013,0.04,14.11,0.71,3.09,"Historical",402.108690551095,6.82963424223529,85.5770666128571,82.8257008666667,71.4910978723077,59.360403770625,208.945668264048,65.61753111655
"Eastern Mediterranean Region",2014,0.03,13.74,0.71,2.92,"Historical",405.651544748238,6.40061728764706,86.1247238109524,83.4686099561905,72.1929632761538,59.92241730875,218.845815679381,67.82386522325
"Eastern Mediterranean Region",2015,0.03,13.45,0.7,2.8,"Historical",410.824593421571,5.97587643470588,86.6746955509524,84.1012561409524,72.8579627015385,60.497655965,225.417230875619,71.3301827045
"Eastern Mediterranean Region",2016,0.03,13.16,0.7,2.67,"Historical",417.91852618919,5.55533752376471,87.2234287428571,84.7287387523809,73.4377820646154,61.1209923725,230.901201599095,73.626982263
"Eastern Mediterranean Region",2017,0.03,12.79,0.69,2.57,"Historical",431.476360421095,5.15315946558824,87.7706784114286,85.3526942976191,73.9384155238461,61.766517295625,237.240239591619,73.2498499563
"Eastern Mediterranean Region",2018,0.03,12.43,0.68,2.4,"Historical",433.747064150143,4.76545783223529,88.3643420980952,85.9552640819048,74.4369599146154,62.41376354625,239.34278170081,74.0930436007
"Eastern Mediterranean Region",2019,0.03,12.14,0.67,2.28,"Historical",433.308365340619,4.40762994423529,88.8547814547619,86.5173028080952,74.8320028076923,63.05030538875,239.682212509095,74.57636015315
"Eastern Mediterranean Region",2020,0.03,11.07,0.62,1.72,"Historical",431.253740068714,4.06791453382353,89.3134692133333,86.9488601957143,75.20041739,63.580784138125,240.516440190619,70.9308024981
"Eastern Mediterranean Region",2021,0.02,10.96,0.6,1.49,"Historical",430.398791680619,3.78614193258824,89.7219293947619,87.2359410657143,75.4674489861539,63.877665955625,242.710988120476,73.41091647025
"Eastern Mediterranean Region",2022,0.0203866251650752,10.8252282135177,0.597816735224327,1.36138725566757,"Forecast",434.419780415105,3.46618372097632,90.1360938279666,87.4697052765328,75.6945741745207,63.9669059687086,246.979823360269,75.2811701267552
"Eastern Mediterranean Region",2023,0.0205309540200479,10.7225642282328,0.594126448353159,1.19624309657206,"Forecast",439.859849182032,3.12061412931913,90.5551658190604,87.6964956883618,75.8591578942832,63.9052464594996,252.069331102141,77.1514237832603
"Eastern Mediterranean Region",2024,0.0208582358364089,10.6324599716015,0.590658680415619,1.02259253957781,"Forecast",445.29991794896,2.75786678977856,90.9784599457439,87.9165203479002,75.9880231362314,63.7339237449831,257.158838844013,79.0216774397655
"Eastern Mediterranean Region",2025,0.0214111297439264,10.5464470545608,0.587445001987954,0.846935001969926,"Forecast",450.739986715887,2.3835982037521,91.405386516372,88.1299810952684,76.076590898232,63.4829054925642,262.248346585886,80.8919310962706
"Eastern Mediterranean Region",2026,0.0221327555766095,10.4633481737596,0.584443976710989,0.669630927548804,"Forecast",456.180055482815,2.00160222985794,91.8354381995718,88.3370737491672,76.1379617130521,63.173970104277,267.337854327758,82.7621847527758
"Eastern Mediterranean Region",2027,0.0230188944378977,10.3801168985134,0.581651752594106,0.492866263301505,"Forecast",461.620124249743,1.61442343799949,92.2681785212571,88.5379882865126,76.1732690537046,62.8229445975783,272.42736206963,84.6324384092809
"Eastern Mediterranean Region",2028,0.0240314864220263,10.2965156180907,0.57903930380539,0.316508910029184,"Forecast",467.06019301667,1.22376849061337,92.7032319682265,88.732909016711,76.1897406601549,62.4413309403894,277.516869811502,86.5026920657861
"Eastern Mediterranean Region",2029,0.0251543232706551,10.2116868251915,0.576593017601299,0.14107549044247,"Forecast",472.500261783597,0.830782059209113,93.1402754739596,88.9220147507365,76.1898534047825,62.0374879575127,282.606377553375,88.3729457222912
"Eastern Mediterranean Region",2030,0.0263610510239457,10.1258281301178,0.57429156897243,0,"Forecast",477.940330550525,0.436231883696303,93.5790310935631,89.1054789651632,76.1780025477963,61.6174902574459,287.695885295247,90.2431993787964
"European Region",2000,0,5.69,0.33,0.18,"Historical",32.229368902913,0.115898870204082,95.594829352,95.0463541916327,84.0642691761225,71.9940627740909,446.285263750333,81.5320942041064
"European Region",2001,0,5.77,0.33,0.17,"Historical",31.4799084785217,0.112141249734694,95.7123701276,95.1100716261224,84.2776091767347,72.2543704061364,446.816138967353,84.6437266558511
"European Region",2002,0,5.87,0.33,0.16,"Historical",31.3363835814783,0.106556413387755,95.848353635,95.1999740942857,84.5241240102041,72.5385968247727,447.273609550235,87.5369510062128
"European Region",2003,0,5.99,0.32,0.15,"Historical",31.7618630885435,0.100903623081633,95.9842156878,95.2832593165306,84.7773066410204,72.8125218056818,447.600123554353,88.7515361898511
"European Region",2004,0,6.1,0.32,0.14,"Historical",31.4939924305435,0.0952067906938776,96.1108659972,95.3811100197959,85.1891830091837,73.189409735,448.239302749078,95.1139036925745
"European Region",2005,0,6.19,0.31,0.13,"Historical",31.5837778392174,0.0892033784081633,96.2464351548,95.5063528746939,85.7377391930612,73.5772298106818,448.109038799196,98.4349330888511
"European Region",2006,0,6.28,0.31,0.13,"Historical",31.1017769374348,0.0832548104693877,96.3826895134,95.6321639312245,86.2883660306122,73.9947951934091,447.339332112549,105.520298374936
"European Region",2007,0,6.37,0.31,0.13,"Historical",30.5255290740217,0.0773643629387755,96.5186509398,95.7565802002041,86.8395602332653,74.4118850793182,446.182186205686,117.870561152191
"European Region",2008,0,6.46,0.31,0.12,"Historical",30.8319598808261,0.0715330259591837,96.6542967186,95.8807485902041,87.3865168469388,74.8441503309091,447.072214861961,117.753286319426
"European Region",2009,0,6.53,0.31,0.12,"Historical",30.1855173487174,0.0657625695714286,96.7896577752,96.005533455102,87.9311740565306,75.3437833193182,453.393113543431,113.466676824468
"European Region",2010,0,6.57,0.31,0.12,"Historical",30.177064768413,0.0601757036326531,96.9203823788,96.1298272761225,88.4927824444898,75.8541707065909,461.645203074118,114.219481557532
"European Region",2011,0,6.54,0.31,0.11,"Historical",30.0049317657391,0.0546551015306122,97.0507810944,96.2540460542857,89.0204886840816,76.3882910965909,469.433827108176,118.437571662596
"European Region",2012,0,6.46,0.31,0.11,"Historical",29.9842098797609,0.049198614244898,97.179404803,96.3784609997959,89.4749081487755,76.9368719497727,477.793683300039,122.172646921298
"European Region",2013,0,6.32,0.31,0.11,"Historical",29.4397000453261,0.0438041334693878,97.3094419888,96.5027811163265,89.8964461822449,77.5313091586364,485.588537053098,128.08943067434
"European Region",2014,0,6.15,0.31,0.11,"Historical",29.2562677212391,0.0384698123265306,97.432165702,96.6270296016327,90.28791455,78.1330096731818,493.078738266255,133.349316685702
"European Region",2015,0,5.97,0.31,0.11,"Historical",29.1943231343261,0.0335631535510204,97.567890197,96.763132537551,90.576048217551,78.7503157763636,500.395434458608,140.750921423319
"European Region",2016,0,5.65,0.31,0.11,"Historical",29.084614308587,0.0289920404285714,97.6912472216,96.8952054691837,90.8431160067347,79.2689853461364,506.679777498588,145.527780394234
"European Region",2017,0,5.19,0.31,0.11,"Historical",29.7541295678478,0.0246727255918367,97.812186117,97.0152988318367,91.0820538344898,79.7469935511364,512.187560047706,146.922031781787
"European Region",2018,0,4.74,0.31,0.11,"Historical",29.7790599508478,0.0206601246326531,97.930641809,97.1182763877551,91.2864250540816,80.1704895311364,518.574617774961,147.630634957702
"European Region",2019,0,4.46,0.31,0.11,"Historical",29.3634587918913,0.0188933984285714,98.0360589076,97.2061747865306,91.437326252449,80.4419260672727,519.951351907647,155.702594526532
"European Region",2020,0,4.1,0.29,0.09,"Historical",29.1645244350652,0.0181022521428571,98.1192163186,97.2746809171429,91.5568445312245,80.6789562738636,520.602207002843,148.649405081149
"European Region",2021,0,3.89,0.28,0.08,"Historical",29.2479309804565,0.0176404533265306,98.1751828454,97.3240031079592,91.6120803302041,80.8831290415909,515.32512540002,162.612845780894
"European Region",2022,3.53461521313811e-05,3.8188416571629,0.282605024778749,0.117272883547211,"Forecast",29.1059577460535,0.0173489939312571,98.218969674656,97.3669684240739,91.6314760769726,81.1006710403162,510.629538998488,166.473833951217
"European Region",2023,6.65509767055856e-05,3.74513001701083,0.284957512376194,0.158374320934773,"Forecast",28.9639845116506,0.0171456345551475,98.2573008140134,97.4086886013459,91.6308895619089,81.3432905446732,506.451371345659,170.33482212154
"European Region",2024,5.60139597732263e-05,3.66552670637331,0.287105662365871,0.203382620708129,"Forecast",28.8220112772476,0.0169878407523427,98.293188169183,97.4491997240141,91.6191621370728,81.6320986496315,502.733606738144,174.195810291864
"European Region",2025,0,3.57963322781068,0.289080643923572,0.251763851032589,"Forecast",28.6800380428446,0.0168536135899348,98.3279808724813,97.4885368305932,91.6012232096749,81.9699720452059,499.425512179627,178.056798462187
"European Region",2026,0,3.48735683705878,0.290902598833654,0.303151208050213,"Forecast",28.5380648084417,0.0167315751590475,98.3622832449538,97.5267339441781,91.5798211212909,82.3584658498044,496.481945073209,181.91778663251
"European Region",2027,0,3.38984987725319,0.292591811106526,0.356876796433919,"Forecast",28.3960915740387,0.0166158407737765,98.3963659820104,97.5638241018714,91.5564881822155,82.7895351872168,493.862737200907,185.778774802833
"European Region",2028,0,3.28847321590719,0.294166907139194,0.412289163699633,"Forecast",28.2541183396357,0.0165033668583142,98.4303503370905,97.5998393833575,91.5320787166929,83.253246287324,491.532146584043,189.639762973157
"European Region",2029,0,3.18498225671541,0.29564670566244,0.468644498500576,"Forecast",28.1121451052328,0.0163925792668448,98.464290623625,97.6348109386485,91.5070690446412,83.7363653202933,489.458369744542,193.50075114348
"European Region",2030,0,3.08101624677086,0.297048363935944,0.525274213496375,"Forecast",27.9701718708298,0.0162826638468032,98.4982111703984,97.6687690150263,91.4817247334561,84.2263570172339,487.613107711422,197.361739313803
"Region of the Americas",2000,0,5.88,0.38,1,"Historical",13.0880109911111,8.2523463257037,88.6754529607407,77.1069348603571,61.4906999207143,41.6965701029412,122.245450018278,33.7134906130769
"Region of the Americas",2001,0,5.81,0.38,0.94,"Historical",13.2760507239259,7.92771511111111,89.0679045981481,77.6197650535714,61.8516584357143,41.9327477176471,123.212556683889,32.2710316985769
"Region of the Americas",2002,0,5.74,0.38,0.89,"Historical",13.4935187621111,7.60706427037037,89.4909483188889,78.1401000089286,62.1922261707143,42.1269523841176,124.214706177528,31.7321803448077
"Region of the Americas",2003,0,5.66,0.37,0.86,"Historical",13.6932752554444,7.27267906507407,89.9185256574074,78.6635929235714,62.5904974371429,42.4512842188235,125.14549209125,32.219810874
"Region of the Americas",2004,0,5.58,0.37,0.82,"Historical",13.874946684963,6.94817885566667,90.3140385588889,79.1803637128571,62.9886240664286,42.8854370494118,126.031400380389,33.0355370862308
"Region of the Americas",2005,0,5.47,0.37,0.78,"Historical",13.4965280146296,6.62705003192593,90.7031601174074,79.72967741,63.3874533442857,43.2805508347059,126.556216564833,33.9925730300769
"Region of the Americas",2006,0,5.27,0.37,0.75,"Historical",13.6157410315185,6.31001500396296,91.0873016214815,80.2822941942857,63.78579248,43.6783020547059,127.331118566306,36.5413219071538
"Region of the Americas",2007,0,4.96,0.37,0.7,"Historical",13.716820911,5.99685343918518,91.4679306251852,80.8482850139286,64.181215655,44.0769396105882,128.106755535361,38.5095248179615
"Region of the Americas",2008,0,4.61,0.37,0.67,"Historical",13.9149070024815,5.68770232485185,91.8454698937037,81.4131541610714,64.572678385,44.4795967970588,128.908795246111,38.9793963261538
"Region of the Americas",2009,0,4.28,0.37,0.63,"Historical",13.9984292306667,5.38335464585185,92.2132680814815,81.9788135671429,65.1531774514286,44.8923002529412,129.6894489475,36.9112432221154
"Region of the Americas",2010,0,4.03,0.37,0.6,"Historical",14.1163309485556,5.08287457162963,92.5761153211111,82.5431621385714,65.7342136385714,45.3152763870588,130.416243441806,36.3699329822692
"Region of the Americas",2011,0,3.86,0.37,0.66,"Historical",14.1588945326667,4.78611717933333,92.9349123814815,83.1037098942857,66.314350655,45.7515335247059,131.069842955417,36.8299071841154
"Region of the Americas",2012,0,3.68,0.37,0.56,"Historical",14.2413965757037,4.49303765907407,93.2903453677778,83.6630511210714,66.8940098114286,46.2215725217647,131.771603263917,38.0321832459231
"Region of the Americas",2013,0,3.5,0.37,0.56,"Historical",14.2660750981852,4.204211179,93.6600373448148,84.2203531639286,67.5154264314286,46.6964826311765,132.524043957139,38.6218415315769
"Region of the Americas",2014,0,3.35,0.37,0.54,"Historical",14.3128637609259,3.91908907414815,94.0261109796296,84.7665117867857,68.1380367407143,47.1757964223529,133.136008881528,39.4760802368077
"Region of the Americas",2015,0,3.25,0.36,0.52,"Historical",14.0698312805556,3.63721424088889,94.3877233011111,85.3251439496429,68.7262192521429,47.6535393735294,133.671878696389,40.2872253098846
"Region of the Americas",2016,0,3.15,0.36,0.51,"Historical",14.2754807126667,3.35872375774074,94.7362133396296,85.8788146335714,69.2349396064286,48.0973622352941,134.134856493083,40.5493520662692
"Region of the Americas",2017,0,3.04,0.36,0.49,"Historical",14.2842318844074,3.07580212707407,95.0736179848148,86.4290086021429,69.5827313242857,48.4675636405882,134.491121939278,40.8919457552692
"Region of the Americas",2018,0,2.94,0.36,0.47,"Historical",14.6411582728148,2.82529682696296,95.3665467574074,86.9483010560714,69.8553426357143,48.8184446047059,134.666737412694,42.0096252810385
"Region of the Americas",2019,0,2.88,0.36,0.47,"Historical",14.6489190720741,2.59770829562963,95.5694971037037,87.4677479825,70.0625224285714,49.1726643788235,135.249500098028,42.792870049
"Region of the Americas",2020,0,2.72,0.34,0.36,"Historical",14.6182450812222,2.39736010603704,95.7468150218518,87.9061585696429,70.2458764085714,49.4926545147059,136.088585956361,38.0587218605385
"Region of the Americas",2021,0,2.72,0.33,0.32,"Historical",14.6790938498889,2.2279541357037,95.9171163681481,88.3116714728571,70.4225457392857,49.8082312217647,136.5191209735,39.9161368367308
"Region of the Americas",2022,0,2.59217774213152,0.32551087490146,0.35078802613235,"Forecast",14.7548597003077,2.07968455863033,96.0720902316145,88.8032636758697,70.6283688863798,50.1699009940875,136.949655990639,39.9161368367308
"Region of the Americas",2023,0,2.4566439471518,0.320524081890761,0.391560913669363,"Forecast",14.8306255507265,1.94585309009396,96.2270640950808,89.3347618151943,70.8749313508631,50.5529282760977,137.380191007778,39.9161368367308
"Region of the Americas",2024,0,2.32586001212615,0.315478224982302,0.429524399723123,"Forecast",14.9063914011453,1.82188418304391,96.3820379585472,89.866259954519,71.1613531293917,50.9357251381153,137.810726024917,39.9161368367308
"Region of the Americas",2025,0,2.20011470737151,0.310369022600082,0.463987193741164,"Forecast",14.9821572515641,1.70465231629403,96.5370118220135,90.3977580938436,71.4813567145984,51.3185220001328,138.241261042056,39.9161368367308
"Region of the Americas",2026,0,2.07863900425417,0.305206098616405,0.495333712269496,"Forecast",15.0579231019829,1.59202247023307,96.6919856854799,90.9292562331683,71.8271984251011,51.7013188621504,138.671796059195,39.9161368367308
"Region of the Americas",2027,0,1.96034776149188,0.300003095087137,0.524316864227171,"Forecast",15.1336889524017,1.48253622929807,96.8469595489462,91.4607543724929,72.1916282013597,52.084115724168,139.102331076334,39.9161368367308
"Region of the Americas",2028,0,1.84421191560104,0.294772964568018,0.551703033476577,"Forecast",15.2094548028205,1.3751973609752,97.0019334124126,91.9922525118176,72.568685713931,52.4669125861855,139.532866093473,39.9161368367308
"Region of the Americas",2029,0,1.72940383588969,0.289526129066834,0.578124935548809,"Forecast",15.2852206532392,1.26932534645574,97.1569072758789,92.5237506511422,72.953862880075,52.8497094482031,139.963401110612,39.9161368367308
"Region of the Americas",2030,0,1.61532423902492,0.284270136225961,0.604044495390642,"Forecast",15.360986503658,1.16445532854756,97.3118811393453,93.0552487904669,73.3439614277164,53.2325063102207,140.393936127751,39.9161368367308
"South-East Asia Region",2000,0.22,21.77,0.83,10.13,"Historical",32.6113729797143,25.9388451617778,82.98229291,49.68673914,38.4426778242857,23.6547845343333,307.067591757273,64.1032180406667
"South-East Asia Region",2001,0.22,21.73,0.82,9.71,"Historical",32.8799489745714,24.7696590117778,83.584612974,51.0448415488889,38.8265474957143,24.499671473,312.278659394545,63.5413954496667
"South-East Asia Region",2002,0.21,21.72,0.8,9.39,"Historical",33.1961440167143,23.5587999373333,84.191099469,52.5989077755556,39.2051415357143,25.3818978423333,317.232426975455,68.8884354648333
"South-East Asia Region",2003,0.2,21.73,0.78,9.16,"Historical",33.5123390587143,22.3583734377778,84.794384366,54.1586098811111,39.5868473471429,26.2702078033333,321.84095182,79.1533981925
"South-East Asia Region",2004,0.19,21.71,0.77,8.7,"Historical",33.1625164378571,21.1685319451111,85.388157612,55.7236136633333,39.96621697,27.326943385,326.268220876364,84.7805562753333
"South-East Asia Region",2005,0.18,21.75,0.77,8.58,"Historical",33.0528533227143,19.9902721743333,85.947131047,57.3012508944444,40.3200871557143,28.3653198433333,330.544898208182,85.8508349113333
"South-East Asia Region",2006,0.18,21.81,0.76,8.31,"Historical",33.294217887,18.8289141745556,86.495167636,58.86860925,40.6719538914286,29.40160891,335.475392961818,103.007541074667
"South-East Asia Region",2007,0.17,21.91,0.74,8.04,"Historical",33.5627933355714,17.6855095751111,87.038144767,60.4305147022222,41.0263722914286,30.45588705,341.266767356364,106.196316257
"South-East Asia Region",2008,0.16,21.97,0.73,7.66,"Historical",33.7769470155714,16.5508291806667,87.580163684,62.0158044766667,41.3835308414286,31.5156678133333,347.257476024545,114.1467424755
"South-East Asia Region",2009,0.16,22.06,0.71,7.47,"Historical",33.0840712161429,15.4252831663333,88.119348088,63.6058586188889,41.7459217685714,32.47468253,353.281481559091,171.4472379195
"South-East Asia Region",2010,0.15,22.06,0.7,7.17,"Historical",32.3911954171429,14.3092576234444,88.655378203,65.2025077655556,42.1115051528571,33.4281212716667,359.376945334545,511.628663206
"South-East Asia Region",2011,0.14,21.98,0.68,6.84,"Historical",34.276545987,13.2047057581111,89.185584353,66.8040402433333,42.96040267,34.3802147183333,365.601466405455,121.812939047833
"South-East Asia Region",2012,0.13,21.81,0.66,6.53,"Historical",34.4067945141429,12.1086372863333,89.713003557,68.4122759388889,43.8390038471429,35.3342740083333,371.976092158182,124.778999532167
"South-East Asia Region",2013,0.12,21.62,0.63,6.26,"Historical",34.5370430427143,11.0213521065556,90.237964858,70.0264773377778,44.4829858785714,36.2909976666667,377.264052217273,133.3966282815
"South-East Asia Region",2014,0.1,21.45,0.59,5.9,"Historical",34.6672915698571,9.95150045277778,90.760573652,71.6465741611111,45.2356019814286,37.3260777916667,383.728241896364,143.740990743833
"South-East Asia Region",2015,0.1,21.36,0.57,5.55,"Historical",34.7975400984286,8.98186864466667,91.281008291,73.2683411211111,45.9946875842857,38.3687040233333,390.890367800909,149.465249945667
"South-East Asia Region",2016,0.09,21.39,0.54,5.22,"Historical",34.9277886255714,8.020577306,91.782875684,74.8848969111111,46.7471727357143,39.4184256833333,397.905930855455,159.220891735
"South-East Asia Region",2017,0.08,21.5,0.52,4.98,"Historical",34.9277886255714,7.06105608533333,92.255226912,76.4936230444444,47.4843546728571,40.4590791216667,404.755355664545,170.4367488395
"South-East Asia Region",2018,0.08,21.67,0.5,4.72,"Historical",34.9277886255714,6.11054550888889,92.665071876,78.0965635244444,48.18680311,41.492344475,411.491236282727,185.080616605
"South-East Asia Region",2019,0.07,21.85,0.47,4.48,"Historical",34.9277886255714,5.21858920033333,93.097624738,79.6968995722222,48.8223384485714,42.5583287383333,418.18799634,198.4484388775
"South-East Asia Region",2020,0.07,20.96,0.43,3.82,"Historical",34.9277886255714,4.41902338755556,93.524198613,81.2803275855556,49.4225053128571,43.6542966316667,424.880416447273,134.180233732333
"South-East Asia Region",2021,0.06,20.91,0.41,3.35,"Historical",34.9277886255714,3.65739480888889,93.923921427,82.8282739588889,49.8575230157143,44.720637605,431.396500714545,183.326744446833
"South-East Asia Region",2022,0.0550318223752971,20.6185240466342,0.3870830408904,3.2393944674073,"Forecast",34.9277886255714,2.9154138130306,94.323644241,84.3762203322222,50.2925407185715,45.7869785783333,437.912584981817,143.483310047917
"South-East Asia Region",2023,0.0506995540959565,20.4378039503863,0.367689652708503,3.16159235253442,"Forecast",34.9277886255714,2.183608242958,94.723367055,85.9241667055555,50.7275584214287,46.8533195516666,444.428669249089,143.483310047917
"South-East Asia Region",2024,0.0464513974665085,20.2535238740088,0.348341422169554,3.08762187180757,"Forecast",34.9277886255714,1.45707249619802,95.123089869,87.4721130788888,51.1625761242859,47.9196605249999,450.944753516361,143.483310047917
"South-East Asia Region",2025,0.0422468020150204,20.0674000943138,0.329016578642074,3.01563578322051,"Forecast",34.9277886255714,0.733265975549171,95.5228126830001,89.0200594522221,51.5975938271431,48.9860014983333,457.460837783633,143.483310047917
"South-East Asia Region",2026,0.0380647667704437,19.8803214660524,0.309703847179568,2.94467740553026,"Forecast",34.9277886255714,0.0108729131367429,95.9225354970001,90.5680058255554,52.0326115300003,50.0523424716666,463.976922050905,143.483310047917
"South-East Asia Region",2027,0.0338944153911738,19.6927483245055,0.290397388520157,2.87425127631361,"Forecast",34.9277886255714,-0.71078812338089,96.3222583110001,92.1159521988887,52.4676292328575,51.1186834449999,470.493006318177,143.483310047917
"South-East Asia Region",2028,0.0297301150516415,19.5049190759717,0.271094178527159,2.80410079702782,"Forecast",34.9277886255714,-1.43207004582437,96.7219811250001,93.663898572222,52.9026469357147,52.1850244183332,477.009090585449,143.483310047917
"South-East Asia Region",2029,0.0255689485279264,19.3169571903768,0.251792651009013,2.73409307603661,"Forecast",34.9277886255714,-2.15315562619548,97.1217039390001,95.2118449455553,53.3376646385719,53.2513653916665,483.525174852721,143.483310047917
"South-East Asia Region",2030,0.0214094049982755,19.1289266124352,0.232491994839682,2.66415928914944,"Forecast",34.9277886255714,-2.87413952158041,97.5214267530001,96.7597913188886,53.7726823414291,54.3177063649998,490.041259119993,143.483310047917
"Western Pacific Region",2000,0.01,6.64,0.5,0.7,"Historical",42.848067229,15.6669768804286,82.5660011528571,67.484937346087,47.5589344310667,54.49079244625,378.27143976164,39.8196850400833
"Western Pacific Region",2001,0.01,6.53,0.49,0.63,"Historical",44.1730097241667,15.2503903615714,82.9493136461905,67.9793996708696,47.9073047213333,54.99941371,385.8503823426,39.6180649825
"Western Pacific Region",2002,0.01,6.45,0.48,0.56,"Historical",45.117575587,14.8186510806667,83.3618741638095,68.5979323473913,48.3242850216,55.457185076875,387.22756503636,40.5812552584167
"Western Pacific Region",2003,0.01,6.37,0.48,0.5,"Historical",46.33641809225,14.3870433462381,83.7712640119048,69.2405287373913,48.7475300376667,56.025851705,380.3507124854,41.4481602298333
"Western Pacific Region",2004,0.01,6.28,0.47,0.46,"Historical",47.5584904276667,13.9433378428571,84.1678195238095,69.9184387047826,49.0878603213333,56.64027705375,383.68122847444,42.6221598199167
"Western Pacific Region",2005,0.01,6.16,0.46,0.43,"Historical",48.47204579375,13.468214039619,84.58669416,70.6505494,49.389864317,57.289645836875,390.25436839448,43.602631377
"Western Pacific Region",2006,0.01,5.96,0.46,0.41,"Historical",45.9383203424167,12.9989920358571,84.993676227619,71.3545974147826,49.7444332465333,57.9222038775,397.24092428592,46.3779053750833
"Western Pacific Region",2007,0.01,5.66,0.45,0.38,"Historical",43.2967006075,12.5284456148095,85.4007621309524,72.0853839386957,50.1043199651333,58.589919478125,408.66790876068,48.8444556904167
"Western Pacific Region",2008,0.01,5.34,0.45,0.35,"Historical",40.7314649941667,12.0601254291429,85.8025816095238,72.7999274369565,50.4690960872,59.26072857625,422.1759707014,50.5377420101667
"Western Pacific Region",2009,0.01,5.06,0.45,0.33,"Historical",38.0255146325833,11.5908953719048,86.1981626204762,73.5121075526087,50.8409226769333,59.93383615,431.6670227078,52.2515699573333
"Western Pacific Region",2010,0.01,4.88,0.44,0.31,"Historical",35.3156384045,11.1251627145714,86.5821131219048,74.2202211643478,51.2159193852667,60.61314247375,437.02698012956,58.1574535334167
"Western Pacific Region",2011,0.01,4.76,0.44,0.3,"Historical",32.7376675910833,10.6706652784286,86.946638187619,74.9050042426087,51.5822740514,61.1808066475,443.50532461116,62.9541653876667
"Western Pacific Region",2012,0.01,4.63,0.43,0.29,"Historical",30.60954430675,10.2235569519048,87.2991919352381,75.58169887,51.9410516817333,61.716860039375,451.22124780396,66.9965522765
"Western Pacific Region",2013,0.01,4.51,0.43,0.27,"Historical",28.50364749975,9.77919005576191,87.6866927123809,76.2549659413043,52.3098379933333,62.223820701875,456.95855815068,72.9596960078333
"Western Pacific Region",2014,0.01,4.4,0.42,0.26,"Historical",26.4902826678333,9.33752007152381,88.0725193742857,76.9250543443478,52.6703062274667,62.735029030625,461.16498278984,82.4554942400833
"Western Pacific Region",2015,0.01,4.33,0.42,0.25,"Historical",24.1582720870833,8.89856445171429,88.4525311261905,77.5919197565217,53.0321629447333,63.250199499375,465.85996940232,102.124113867333
"Western Pacific Region",2016,0.01,4.28,0.42,0.24,"Historical",24.3372704546667,8.46228373542857,88.8414103647619,78.2508738326087,53.3948976386,63.76909622,470.85367211568,102.615573886833
"Western Pacific Region",2017,0.01,4.24,0.42,0.23,"Historical",24.1833679564167,8.02872170809524,89.2136466047619,78.8997405169565,53.7584321825333,64.290887415625,470.67068042768,106.3136093625
"Western Pacific Region",2018,0.01,4.21,0.42,0.22,"Historical",24.0118746220833,7.63452150452381,89.5968428285714,79.540861426087,54.124052476,64.81746233875,471.96966722436,110.563575386583
"Western Pacific Region",2019,0.01,4.2,0.41,0.21,"Historical",24.0470778850833,7.25976468428571,90.0067242942857,80.137920363913,54.4883225832667,65.3305358175,475.17302524988,113.932326476833
"Western Pacific Region",2020,0.01,4.2,0.41,0.19,"Historical",23.8581758018333,6.96788512823809,90.32430314,80.6372855043478,54.8300970258667,65.61662335,473.59109872436,112.21085204775
"Western Pacific Region",2021,0.01,4.07,0.4,0.18,"Historical",23.95099177825,6.68657906990476,90.6429878161905,81.0861187,55.1649447710667,65.7902721975,460.77155772604,114.75625624475
"Western Pacific Region",2022,0.00976690685934749,3.94427346057272,0.401368773249823,0.129366206691607,"Forecast",24.0280137728347,6.40892888126059,90.961672492381,81.5415737370482,55.5271357396378,65.9228827564148,453.822727064431,118.32466439734
"Western Pacific Region",2023,0.0105802090402951,3.83151938753439,0.398647084732551,0.0864193761603563,"Forecast",24.0919293602027,6.13254273820901,91.2803571685715,82.012723549136,55.889326708209,66.0405150084417,457.262745635462,121.89307254993
"Western Pacific Region",2024,0.0114493199439404,3.7167596929767,0.395787324740634,0.0466546257724071,"Forecast",24.1449687852477,5.8565936488262,91.599041844762,82.4973665490028,56.2515176767801,66.1526804224262,460.702764206494,125.461480702521
"Western Pacific Region",2025,0.0123572584194089,3.60007875811478,0.392805051563956,0.00958727403164186,"Forecast",24.1889827844137,5.58079567417414,91.9177265209524,82.9936099774185,56.6137086453512,66.2628505295711,464.142782777526,129.029888855111
"Western Pacific Region",2026,0.0132952430995033,3.48167294670175,0.38971593917505,0,"Forecast",24.2255071645505,5.30504994862437,92.2364111971429,83.4998265822787,56.9758996139223,66.3722923822197,467.582801348558,132.598297007701
"Western Pacific Region",2027,0.0142578134678138,3.36175789486452,0.386534304348175,0,"Forecast",24.2558163927428,5.02932228861115,92.5550958733334,84.0146173745469,57.3380905824935,66.4814684338392,471.02281991959,136.166705160291
"Western Pacific Region",2028,0.0152410307829611,3.24053650271041,0.383272776647954,0,"Forecast",24.2809680670539,4.75360087489876,92.8737805495239,84.5367796086139,57.7002815510646,66.5905474724125,474.462838490622,139.735113312882
"Western Pacific Region",2029,0.0162417866819984,3.11818963328203,0.379942346845957,0,"Forecast",24.3018398199285,4.47788162089382,93.1924652257144,85.0652792542168,58.0624725196357,66.6995911028042,477.902857061654,143.303521465472
"Western Pacific Region",2030,0.0172575145292857,2.99487504093552,0.376552526832914,0,"Forecast",24.3191599419478,4.20216311362466,93.5111499019049,85.5992273298657,58.4246634882068,66.8086218097863,481.342875632685,146.871929618062
