"Region","Year","TyphoidRate","DiarrheaRate","HepatitisRate","UnsafeRisk","Level.of.water.stress..freshwater.withdrawal.as.a.proportion.of.available.freshwater.resources","People.practicing.open.defecation....of.population.","People.using.at.least.basic.drinking.water.services....of.population.","People.using.at.least.basic.sanitation.services....of.population.","People.using.safely.managed.drinking.water.services....of.population.","People.using.safely.managed.sanitation.services....of.population.","Population.density..people.per.sq..km.of.land.area.","Population..total","Water.productivity..total..constant.2015.US..GDP.per.cubic.meter.of.total.freshwater.withdrawal.","People.with.basic.handwashing.facilities.including.soap.and.water....of.population.","logDiarrheaRate","logTyphoidRate","logHepatitisRate","logUnsafeRisk","Data_Type"
"African Region","2000",0.04,22.74,0.7,10.68,9.72499611927907,32.8754594129524,56.2606314113954,25.5792707349048,15.7240890344762,15.29002589752,77.9665313357609,14369649.8297872,26.081808629,9.2613819735,3.12412548832239,-3.2188758248682,-0.356674943938732,2.36837283353205,"Historical"
"African Region","2001",0.04,22.66,0.7,10.62,10.0726951241163,32.1405056661905,56.8915512648837,26.149801191619,16.0583011434762,15.56869548556,79.4786835983913,14749032.8297872,28.3511698312326,9.548827301,3.12060125559986,-3.2188758248682,-0.356674943938732,2.36273901581379,"Historical"
"African Region","2002",0.04,22.56,0.69,10.41,10.4342041774884,31.3466123650476,57.5603276674419,26.7909226458571,16.448185324,15.9030541076,81.2120686877174,15141153.1489362,29.8325961841395,9.845010353,3.11617842662986,-3.2188758248682,-0.371063681390832,2.34276688262688,"Historical"
"African Region","2003",0.04,22.43,0.68,10.19,10.6377752702326,30.5588058536905,58.2191847869767,27.4354666190238,16.8310775855238,16.24197593764,82.8727505988478,15546526.7446809,30.5087465766279,10.1558790975,3.11039934853212,-3.2188758248682,-0.385662480811985,2.32140684723463,"Historical"
"African Region","2004",0.04,22.32,0.68,10.1,10.7705906271163,29.7749748763095,58.8941827725581,28.1011107380476,17.327165559619,16.58857033124,84.3663011266304,15966889.2553191,33.5935226926512,10.4675168425,3.10548313751311,-3.2188758248682,-0.385662480811985,2.31253542384721,"Historical"
"African Region","2005",0.04,22.27,0.68,10.06,10.9004073156512,28.9927033249286,59.5719343718605,28.8358677144524,17.830862484619,17.01335889492,86.2152938894348,16401440.212766,35.8844061346744,10.9746379376667,3.10324048126928,-3.2188758248682,-0.385662480811985,2.30856716467159,"Historical"
"African Region","2006",0.04,22.28,0.68,10.16,11.0060801463953,28.2187715199048,60.2608141937209,29.5814553188333,18.3462653312381,17.4389681448,88.1617204339348,16849466.7446809,38.0062852628605,11.4824402506667,3.10368941505908,-3.2188758248682,-0.385662480811985,2.31845844215034,"Historical"
"African Region","2007",0.04,22.33,0.68,10.11,11.0745538856744,27.4439469096905,60.9561381281395,30.3398417410952,18.907792812381,17.86386950564,90.1138437871522,17312076.212766,40.7310196333256,11.985576744,3.10593106585207,-3.2188758248682,-0.385662480811985,2.31352503303238,"Historical"
"African Region","2008",0.03,22.37,0.68,9.95,11.3250599919767,26.6704136415476,61.6562976437209,31.1053132080714,19.4762590477619,18.28787979964,92.2137151021522,17791207.8510638,44.1558561763488,12.4852991433333,3.10772077550204,-3.50655789731998,-0.385662480811985,2.2975725511705,"Historical"
"African Region","2009",0.03,22.38,0.68,9.81,11.337547330814,25.902526127,62.3533086593023,31.8760928341905,20.0024960611429,18.70352286532,94.3375067863913,18283136.6595745,45.1447571125581,12.9858555808333,3.10816770288378,-3.50655789731998,-0.385662480811985,2.28340227357727,"Historical"
"African Region","2010",0.03,22.32,0.67,9.65,11.4675968210465,25.1397557641429,63.0475610439535,32.6515895864048,20.5282612111429,19.08657079956,96.5575337470652,18791036.9787234,45.3410594277209,13.4874030301667,3.10548313751311,-3.50655789731998,-0.400477566597125,2.26695791535089,"Historical"
"African Region","2011",0.03,22.09,0.68,9.38,11.5101247349302,24.3838943111429,63.7478397413953,33.4300177846667,21.2666223989524,19.5269206508,98.7348809083913,19317912.0425532,47.7512469929302,13.9898666351667,3.09512501743203,-3.50655789731998,-0.385662480811985,2.23857976301813,"Historical"
"African Region","2012",0.03,21.69,0.68,9.13,11.6138817665814,23.6371232908571,64.4409423902326,34.2023708390238,22.0454413874762,19.95127966536,100.885353848761,19856002.9361702,50.9712281274651,14.4932857555,3.07685132483878,-3.50655789731998,-0.385662480811985,2.21156569460688,"Historical"
"African Region","2013",0.03,21.2,0.68,8.87,11.7101343537674,22.8960784265952,65.1303720727907,34.9783206381191,22.6464780514762,20.36902881516,103.108152227826,20404077.3191489,51.3881867410465,14.9975386046667,3.05400118167797,-3.50655789731998,-0.385662480811985,2.18267479632149,"Historical"
"African Region","2014",0.03,20.72,0.68,8.54,12.0320834771628,22.1595488814524,65.8173913237209,35.7588453537619,23.1933965182857,20.78033415284,105.3483599455,20957516.1489362,53.0550447091395,15.5033506265,3.03109941739128,-3.50655789731998,-0.385662480811985,2.14476100780048,"Historical"
"African Region","2015",0.03,20.33,0.68,8.26,12.3628064656512,21.427581537381,66.5147792795349,36.5245989650714,23.7465036095238,21.18532931864,107.548777860891,21519984.0212766,52.1210307978372,16.0106584781667,3.01209762764026,-3.50655789731998,-0.385662480811985,2.11142458753289,"Historical"
"African Region","2016",0.03,19.98,0.68,8.06,12.676668333093,20.7004482792857,67.2140870934884,37.2836357135238,24.2626394455238,21.587972006,109.68556322037,22086515.5957447,51.0407630431395,16.5192402675,2.99473177322041,-3.50655789731998,-0.385662480811985,2.08691355651854,"Historical"
"African Region","2017",0.02,19.58,0.68,7.81,12.8696058509535,19.9782844140238,67.9140206890698,38.0442567618333,24.7477718010952,21.98395681596,111.91140609587,22659574.7021277,50.9861366856047,17.0290929596667,2.97450863710236,-3.91202300542815,-0.385662480811985,2.05540496385159,"Historical"
"African Region","2018",0.02,19.27,0.67,7.53,13.1425029552093,19.2604092995,68.5916416469767,38.7952158997143,25.2103468597619,22.34567973972,114.206748806891,23251467.0638298,50.928150293,17.5400610673333,2.95854948242628,-3.91202300542815,-0.400477566597125,2.0188950418118,"Historical"
"African Region","2019",0.02,19.13,0.67,7.25,13.3200406056977,18.5494658906429,69.2468351451163,39.5465876040714,25.6525664560476,22.68340939016,116.54304196113,23851723.787234,51.4266362735814,18.0521767915,2.95125778345216,-3.91202300542815,-0.400477566597125,1.98100146886658,"Historical"
"African Region","2020",0.02,18.24,0.62,6.07,13.5047730634419,17.8676387204762,69.8655587102326,40.2314262376905,26.0538854615238,23.0286829458,118.89039514437,24459938.7234043,49.3722290403953,18.5653752473333,2.90361698464619,-3.91202300542815,-0.478035800943,1.80335860507141,"Historical"
"African Region","2021",0.02,18.14,0.61,5.36,13.5486359834419,17.236480327381,70.4718865032558,40.8198980865714,26.341901802,23.31135824836,121.262494433696,25073078.0638298,50.7516621028837,19.0012371445,2.89811944468699,-3.91202300542815,-0.49429632181478,1.67896397508271,"Historical"
"African Region","2022",0.0199999990393884,18.13999433125,0.609999841435161,5.36001362039246,13.5486359834419,17.236480327381,70.4718865032558,40.8198980865714,NA,NA,NA,NA,58.1493352542166,NA,2.89811913218694,-3.91202305345873,-0.494296581757172,1.67896651619748,"Forecasted"
"African Region","2023",0.0199999470844128,18.1398186,0.609994927083049,5.36043587798114,13.5486359834419,17.236480327381,70.4718865032558,40.8198980865714,NA,NA,NA,NA,59.4215164128118,NA,2.89810944463699,-3.91202565121101,-0.494304638106658,1.67904529229525,"Forecasted"
"African Region","2024",0.0199994812154882,18.13862249375,0.609961486329616,5.36331014146952,13.5486359834419,17.236480327381,70.4718865032558,40.8198980865714,NA,NA,NA,NA,60.693697571407,NA,2.89804350430359,-3.91204894499016,-0.494359460972579,1.67958134817572,"Forecasted"
"African Region","2025",0.0199974911468064,18.1341952,0.609837740762415,5.37394972242059,13.5486359834419,17.236480327381,70.4718865032558,40.8198980865714,NA,NA,NA,NA,61.9658787300023,NA,2.89779939347607,-3.91214845595641,-0.494562355948862,1.68156315444068,"Forecasted"
"African Region","2026",0.0199917625810418,18.12228515625,0.609504937179089,5.4025736570209,13.5486359834419,17.236480327381,70.4718865032558,40.8198980865714,NA,NA,NA,NA,63.2380598885975,NA,2.89714240503916,-3.91243496121819,-0.495108229717755,1.68687544318304,"Forecasted"
"African Region","2027",0.0199788293370035,18.0959198,0.608768406648353,5.46594305984513,13.5486359834419,17.236480327381,70.4718865032558,40.8198980865714,NA,NA,NA,NA,64.5102410471927,NA,2.89568648744529,-3.91308209921986,-0.496317368248452,1.69853667029924,"Forecasted"
"African Region","2028",0.0199540515332085,18.04472531875,0.607338649623463,5.58899804962139,13.5486359834419,17.236480327381,70.4718865032558,40.8198980865714,NA,NA,NA,NA,65.782422205788,NA,2.89285341596449,-3.91432307189375,-0.498668736372283,1.72080003132013,"Forecasted"
"African Region","2029",0.0199118791791434,17.9542464,0.604812447108179,5.80649524699712,13.5486359834419,17.236480327381,70.4718865032558,40.8198980865714,NA,NA,NA,NA,67.0546033643832,NA,2.88782665520156,-3.91643878167614,-0.50283687379258,1.75897716113744,"Forecasted"
"African Region","2030",0.0198462378310738,17.80526598125,0.600653997875209,6.16464584430566,13.5486359834419,17.236480327381,70.4718865032558,40.8198980865714,NA,NA,NA,NA,68.3267845229784,NA,2.87949425518879,-3.91974081973272,-0.50973622092213,1.81883068878708,"Forecasted"
"Eastern Mediterranean Region","2000",0.06,15.2,0.83,5.57,313.248728130143,12.5307511854118,79.0998408495238,75.0750310328571,65.3125393353846,54.076059011875,133.44745432019,22451036.1363636,34.13558968355,NA,2.72129542785223,-2.81341071676004,-0.186329578191493,1.71739505393919,"Historical"
"Eastern Mediterranean Region","2001",0.06,15.06,0.82,5.31,317.843334160143,12.2096439493529,79.397890907619,75.3777135952381,65.4762287592308,54.277452708125,137.277848742095,23001375.9090909,34.1800789566,NA,2.71204222237175,-2.81341071676004,-0.198450938723838,1.66959183525385,"Historical"
"Eastern Mediterranean Region","2002",0.05,14.93,0.81,5.07,323.524318301095,11.8425359566471,79.8046724247619,75.8251792247619,65.7075710053846,54.51462125625,142.81737351981,23557049.0454545,34.33949004675,NA,2.7033726115511,-2.99573227355399,-0.210721031315653,1.62334081760309,"Historical"
"Eastern Mediterranean Region","2003",0.05,14.81,0.81,4.84,327.694835843476,11.3936536292941,80.2688928366667,76.3573636504762,65.9379402730769,54.776987961875,147.995487005333,24130912.7272727,36.42913441125,NA,2.69530262827971,-2.99573227355399,-0.210721031315653,1.57691472072854,"Historical"
"Eastern Mediterranean Region","2004",0.05,14.73,0.8,4.7,344.64885773919,10.9411838227647,80.7326084942857,76.9064913080952,66.1734929446154,55.086055134375,153.48496085419,24731163.3181818,38.6874363449,NA,2.68988623047454,-2.99573227355399,-0.22314355131421,1.54756250871601,"Historical"
"Eastern Mediterranean Region","2005",0.05,14.66,0.78,4.44,361.856824913476,10.4649216388235,81.241702752381,77.5667710633333,66.4488490923077,55.450427325,159.483336487238,25348804.5454545,40.05499801205,NA,2.68512269645851,-2.99573227355399,-0.2484613592985,1.49065437644413,"Historical"
"Eastern Mediterranean Region","2006",0.05,14.67,0.77,4.3,369.535424714429,9.99192684988235,81.7727275266667,78.2258987452381,66.8902566392308,55.859069815,167.458625355048,25990178.2727273,44.1421486134,NA,2.68580459215489,-2.99573227355399,-0.261364764134408,1.45861502269952,"Historical"
"Eastern Mediterranean Region","2007",0.04,14.75,0.76,4.17,374.349002729667,9.64684101382353,82.2325674909524,78.824666637619,67.3307979138462,56.248126288125,175.732820250238,26638832.0454545,47.77748448165,NA,2.69124308278583,-3.2188758248682,-0.27443684570176,1.42791603581071,"Historical"
"Eastern Mediterranean Region","2008",0.04,14.88,0.75,4.04,379.063835145857,9.15256089005882,82.7943998190476,79.50004115,67.94349613,56.71056947375,182.813007334048,27297773.6818182,51.5053716379,NA,2.70001802940495,-3.2188758248682,-0.287682072451781,1.39624469197306,"Historical"
"Eastern Mediterranean Region","2009",0.04,14.95,0.74,3.85,383.484488808238,8.66370663317647,83.3560176133333,80.1748645219048,68.6391959946154,57.233116998125,191.002834208429,27966831.5,53.0088075635,NA,2.7047112998367,-3.2188758248682,-0.301105092783922,1.34807314829969,"Historical"
"Eastern Mediterranean Region","2010",0.04,14.93,0.73,3.61,388.101091757762,8.17951774805882,83.9181985904762,80.8499168942857,69.3401549738462,57.75936453625,196.493755376143,28558112.5,57.5064007451,NA,2.7033726115511,-3.2188758248682,-0.3147107448397,1.28370777234479,"Historical"
"Eastern Mediterranean Region","2011",0.04,14.76,0.72,3.26,392.072995708238,7.70049410076471,84.4746331247619,81.5223305514286,70.0536810246154,58.289409715,196.699968985619,29202639.1818182,61.6475087778,NA,2.69192081917233,-3.2188758248682,-0.328504066972036,1.18172719537862,"Historical"
"Eastern Mediterranean Region","2012",0.04,14.46,0.72,3.15,397.69536000919,7.26292105352941,85.028170072381,82.1746540195238,70.7902815053846,58.80446933875,200.778249203857,29849140.2727273,63.73757027165,NA,2.67138621673062,-3.2188758248682,-0.328504066972036,1.14740245283754,"Historical"
"Eastern Mediterranean Region","2013",0.04,14.11,0.71,3.09,402.108690551095,6.82963424223529,85.5770666128571,82.8257008666667,71.4910978723077,59.360403770625,208.945668264048,30510044,65.61753111655,NA,2.64688376586472,-3.2188758248682,-0.342490308946776,1.12817109090965,"Historical"
"Eastern Mediterranean Region","2014",0.03,13.74,0.71,2.92,405.651544748238,6.40061728764706,86.1247238109524,83.4686099561905,72.1929632761538,59.92241730875,218.845815679381,31137507.9545455,67.82386522325,NA,2.6203112867942,-3.50655789731998,-0.342490308946776,1.07158361628019,"Historical"
"Eastern Mediterranean Region","2015",0.03,13.45,0.7,2.8,410.824593421571,5.97587643470588,86.6746955509524,84.1012561409524,72.8579627015385,60.497655965,225.417230875619,31782750.8181818,71.3301827045,NA,2.59897910604785,-3.50655789731998,-0.356674943938732,1.02961941718116,"Historical"
"Eastern Mediterranean Region","2016",0.03,13.16,0.7,2.67,417.91852618919,5.55533752376471,87.2234287428571,84.7287387523809,73.4377820646154,61.1209923725,230.901201599095,32399133.2272727,73.626982263,NA,2.57718192589717,-3.50655789731998,-0.356674943938732,0.982078472412158,"Historical"
"Eastern Mediterranean Region","2017",0.03,12.79,0.69,2.57,431.476360421095,5.15315946558824,87.7706784114286,85.3526942976191,73.9384155238461,61.766517295625,237.240239591619,32984044.2727273,73.2498499563,NA,2.54866361559075,-3.50655789731998,-0.371063681390832,0.943905898907128,"Historical"
"Eastern Mediterranean Region","2018",0.03,12.43,0.68,2.4,433.747064150143,4.76545783223529,88.3643420980952,85.9552640819048,74.4369599146154,62.41376354625,239.34278170081,33553349.0454545,74.0930436007,NA,2.52011290552262,-3.50655789731998,-0.385662480811985,0.8754687373539,"Historical"
"Eastern Mediterranean Region","2019",0.03,12.14,0.67,2.28,433.308365340619,4.40762994423529,88.8547814547619,86.5173028080952,74.8320028076923,63.05030538875,239.682212509095,34156415.9545455,74.57636015315,NA,2.49650578563135,-3.50655789731998,-0.400477566597125,0.824175442966349,"Historical"
"Eastern Mediterranean Region","2020",0.03,11.07,0.62,1.72,431.253740068714,4.06791453382353,89.3134692133333,86.9488601957143,75.20041739,63.580784138125,240.516440190619,34821501,70.9308024981,NA,2.40423874672055,-3.50655789731998,-0.478035800943,0.542324290825362,"Historical"
"Eastern Mediterranean Region","2021",0.02,10.96,0.6,1.49,430.398791680619,3.78614193258824,89.7219293947619,87.2359410657143,75.4674489861539,63.877665955625,242.710988120476,35375734.4090909,73.41091647025,NA,2.39425228151987,-3.91202300542815,-0.510825623765991,0.398776119957368,"Historical"
"Eastern Mediterranean Region","2022",0.019999999423633,10.959996575,0.5999998125,1.49000923371285,433.747064150143,3.78614193258824,89.7219293947619,87.2359410657143,NA,NA,NA,NA,82.95597586658,NA,2.39425196901982,-3.91202303424649,-0.51082593626604,0.398782317060886,"Forecasted"
"Eastern Mediterranean Region","2023",0.0199999682506477,10.9598904,0.599994,1.49029552487689,433.747064150143,3.78614193258824,89.7219293947619,87.2359410657143,NA,NA,NA,NA,85.261192924022,NA,2.39424228146987,-3.91202459289702,-0.510835623815991,0.398974439134372,"Forecasted"
"Eastern Mediterranean Region","2024",0.0199996887292929,10.959167725,0.5999544375,1.49224449184465,433.747064150143,3.78614193258824,89.7219293947619,87.2359410657143,NA,NA,NA,NA,87.5664099814639,NA,2.39417634113647,-3.91203856908461,-0.510901564149389,0.400281356885177,"Forecasted"
"Eastern Mediterranean Region","2025",0.0199984946880839,10.9564928,0.599808,1.49945974425982,433.747064150143,3.78614193258824,89.7219293947619,87.2359410657143,NA,NA,NA,NA,89.8716270389059,NA,2.39393223030894,-3.91209827385655,-0.511145674976916,0.405104872737742,"Forecasted"
"Eastern Mediterranean Region","2026",0.0199950575486251,10.949296875,0.5994140625,1.51887334704423,433.747064150143,3.78614193258824,89.7219293947619,87.2359410657143,NA,NA,NA,NA,92.1768440963478,NA,2.39327524187204,-3.91227015853671,-0.511802663413817,0.417968840969678,"Forecasted"
"Eastern Mediterranean Region","2027",0.0199872976022021,10.9333672,0.598542,1.56185732086118,433.747064150143,3.78614193258824,89.7219293947619,87.2359410657143,NA,NA,NA,NA,94.4820611537898,NA,2.39181932427817,-3.91265832709212,-0.513258581007694,0.445875703366504,"Forecasted"
"Eastern Mediterranean Region","2028",0.0199724309199251,10.902436025,0.5968486875,1.64533617905505,433.747064150143,3.78614193258824,89.7219293947619,87.2359410657143,NA,NA,NA,NA,96.7872782112318,NA,2.38898625279737,-3.9134024103736,-0.516091652488494,0.497944727505026,"Forecasted"
"Eastern Mediterranean Region","2029",0.0199471275074861,10.8477696,0.593856,1.7929005010672,433.747064150143,3.78614193258824,89.7219293947619,87.2359410657143,NA,NA,NA,NA,99.0924952686737,NA,2.38395949203444,-3.91467013060021,-0.521118413251423,0.583834700092236,"Forecasted"
"Eastern Mediterranean Region","2030",0.0199077426986443,10.757757175,0.5889283125,2.0359215423282,433.747064150143,3.78614193258824,89.7219293947619,87.2359410657143,NA,NA,NA,NA,101.397712326116,NA,2.37562709202167,-3.91664654258993,-0.529450813264193,0.710948562743517,"Forecasted"
"European Region","2000",0,5.69,0.33,0.18,32.229368902913,0.115898870204082,95.594829352,95.0463541916327,84.0642691761225,71.9940627740909,446.285263750333,16412886.990566,81.5320942041064,83.24600978,1.73871024813824,-6.90775527898214,-1.10866262452161,-1.71479842809193,"Historical"
"European Region","2001",0,5.77,0.33,0.17,31.4799084785217,0.112141249734694,95.7123701276,95.1100716261224,84.2776091767347,72.2543704061364,446.816138967353,16437936.6509434,84.6437266558511,83.81407216,1.75267208052001,-6.90775527898214,-1.10866262452161,-1.77195684193188,"Historical"
"European Region","2002",0,5.87,0.33,0.16,31.3363835814783,0.106556413387755,95.848353635,95.1999740942857,84.5241240102041,72.5385968247727,447.273609550235,16470715.509434,87.5369510062128,84.4217744,1.76985463384001,-6.90775527898214,-1.10866262452161,-1.83258146374831,"Historical"
"European Region","2003",0,5.99,0.32,0.15,31.7618630885435,0.100903623081633,95.9842156878,95.2832593165306,84.7773066410204,72.8125218056818,447.600123554353,16515267.3207547,88.7515361898511,85.04492049,1.79009141212736,-6.90775527898214,-1.13943428318836,-1.89711998488588,"Historical"
"European Region","2004",0,6.1,0.32,0.14,31.4939924305435,0.0952067906938776,96.1108659972,95.3811100197959,85.1891830091837,73.189409735,448.239302749078,16564430.7830189,95.1139036925745,85.67044133,1.80828877117927,-6.90775527898214,-1.13943428318836,-1.96611285637283,"Historical"
"European Region","2005",0,6.19,0.31,0.13,31.5837778392174,0.0892033784081633,96.2464351548,95.5063528746939,85.7377391930612,73.5772298106818,448.109038799196,16612838.6509434,98.4349330888511,86.29812671,1.8229350866965,-6.90775527898214,-1.17118298150295,-2.04022082852655,"Historical"
"European Region","2006",0,6.28,0.31,0.13,31.1017769374348,0.0832548104693877,96.3826895134,95.6321639312245,86.2883660306122,73.9947951934091,447.339332112549,16663259.0754717,105.520298374936,86.92841757,1.83736998048011,-6.90775527898214,-1.17118298150295,-2.04022082852655,"Historical"
"European Region","2007",0,6.37,0.31,0.13,30.5255290740217,0.0773643629387755,96.5186509398,95.7565802002041,86.8395602332653,74.4118850793182,446.182186205686,16711537.3867925,117.870561152191,87.56089698,1.85159946958407,-6.90775527898214,-1.17118298150295,-2.04022082852655,"Historical"
"European Region","2008",0,6.46,0.31,0.12,30.8319598808261,0.0715330259591837,96.6542967186,95.8807485902041,87.3865168469388,74.8441503309091,447.072214861961,16780157.4716981,117.753286319426,88.19595698,1.86562931779451,-6.90775527898214,-1.17118298150295,-2.12026353620009,"Historical"
"European Region","2009",0,6.53,0.31,0.12,30.1855173487174,0.0657625695714286,96.7896577752,96.005533455102,87.9311740565306,75.3437833193182,453.393113543431,16848534.0754717,113.466676824468,88.83322921,1.87640694328834,-6.90775527898214,-1.17118298150295,-2.12026353620009,"Historical"
"European Region","2010",0,6.57,0.31,0.12,30.177064768413,0.0601757036326531,96.9203823788,96.1298272761225,88.4927824444898,75.8541707065909,461.645203074118,16910996.0566038,114.219481557532,89.47290193,1.88251383249652,-6.90775527898214,-1.17118298150295,-2.12026353620009,"Historical"
"European Region","2011",0,6.54,0.31,0.11,30.0049317657391,0.0546551015306122,97.0507810944,96.2540460542857,89.0204886840816,76.3882910965909,469.433827108176,16949708.7264151,118.437571662596,90.1149814,1.87793716546911,-6.90775527898214,-1.17118298150295,-2.20727491318972,"Historical"
"European Region","2012",0,6.46,0.31,0.11,29.9842098797609,0.049198614244898,97.179404803,96.3784609997959,89.4749081487755,76.9368719497727,477.793683300039,17018758.8301887,122.172646921298,90.75945374,1.86562931779451,-6.90775527898214,-1.17118298150295,-2.20727491318972,"Historical"
"European Region","2013",0,6.32,0.31,0.11,29.4397000453261,0.0438041334693878,97.3094419888,96.5027811163265,89.8964461822449,77.5313091586364,485.588537053098,17099634.8113208,128.08943067434,91.40914803,1.84371920815877,-6.90775527898214,-1.17118298150295,-2.20727491318972,"Historical"
"European Region","2014",0,6.15,0.31,0.11,29.2562677212391,0.0384698123265306,97.432165702,96.6270296016327,90.28791455,78.1330096731818,493.078738266255,17183779.8396226,133.349316685702,92.06318714,1.81645208181843,-6.90775527898214,-1.17118298150295,-2.20727491318972,"Historical"
"European Region","2015",0,5.97,0.31,0.11,29.1943231343261,0.0335631535510204,97.567890197,96.763132537551,90.576048217551,78.7503157763636,500.395434458608,17265530.1981132,140.750921423319,92.72079766,1.78674692740451,-6.90775527898214,-1.17118298150295,-2.20727491318972,"Historical"
"European Region","2016",0,5.65,0.31,0.11,29.084614308587,0.0289920404285714,97.6912472216,96.8952054691837,90.8431160067347,79.2689853461364,506.679777498588,17346722.1415094,145.527780394234,93.3810039,1.73165554515835,-6.90775527898214,-1.17118298150295,-2.20727491318972,"Historical"
"European Region","2017",0,5.19,0.31,0.11,29.7541295678478,0.0246727255918367,97.812186117,97.0152988318367,91.0820538344898,79.7469935511364,512.187560047706,17418865.9528302,146.922031781787,94.04294056,1.6467336971778,-6.90775527898214,-1.17118298150295,-2.20727491318972,"Historical"
"European Region","2018",0,4.74,0.31,0.11,29.7790599508478,0.0206601246326531,97.930641809,97.1182763877551,91.2864250540816,80.1704895311364,518.574617774961,17488298.5188679,147.630634957702,94.39591691,1.55603713570699,-6.90775527898214,-1.17118298150295,-2.20727491318972,"Historical"
"European Region","2019",0,4.46,0.31,0.11,29.3634587918913,0.0188933984285714,98.0360589076,97.2061747865306,91.437326252449,80.4419260672727,519.951351907647,17549986.3396226,155.702594526532,94.40049873,1.49514876603197,-6.90775527898214,-1.17118298150295,-2.20727491318972,"Historical"
"European Region","2020",0,4.1,0.29,0.09,29.1645244350652,0.0181022521428571,98.1192163186,97.2746809171429,91.5568445312245,80.6789562738636,520.602207002843,17596122.9150943,148.649405081149,94.40664487,1.41098697371026,-6.90775527898214,-1.23787435600162,-2.40794560865187,"Historical"
"European Region","2021",0,3.89,0.28,0.08,29.2479309804565,0.0176404533265306,98.1751828454,97.3240031079592,91.6120803302041,80.8831290415909,515.32512540002,17598921.6792453,162.612845780894,94.41437094,1.35840915763035,-6.90775527898214,-1.27296567581289,-2.52572864430826,"Historical"
"European Region","2022",0,3.889998784375,0.2799999125,0.0800140379484121,28.6693474309081,0.0176404533265306,98.1751828454,97.3240031079592,NA,NA,NA,NA,163.912968188989,NA,1.35840884513031,-6.90775527898214,-1.27296598831294,-2.52555318534693,"Forecasted"
"European Region","2023",0,3.8899611,0.2799972,0.0804493410542743,28.5260484212965,0.0176404533265306,98.1751828454,97.3240031079592,NA,NA,NA,NA,167.673429339986,NA,1.35839915758035,-6.90775527898214,-1.27297567586289,-2.5201275963259,"Forecasted"
"European Region","2024",0,3.889704603125,0.2799787375,0.0834131457976591,28.3827494116849,0.0176404533265306,98.1751828454,97.3240031079592,NA,NA,NA,NA,171.433890490983,NA,1.35833321724696,-6.90775527898214,-1.27304161619629,-2.48394935856558,"Forecasted"
"European Region","2025",0,3.8887552,0.2799104,0.0943870228624245,28.2394504020734,0.0176404533265306,98.1751828454,97.3240031079592,NA,NA,NA,NA,175.19435164198,NA,1.35808910641943,-6.90775527898214,-1.27328572702381,-2.36035168495821,"Forecasted"
"European Region","2026",0,3.886201171875,0.2797265625,0.123918082962794,28.0961513924618,0.0176404533265306,98.1751828454,97.3240031079592,NA,NA,NA,NA,178.954812792977,NA,1.35743211798253,-6.90775527898214,-1.27394271546071,-2.08813455295127,"Forecasted"
"European Region","2027",0,3.8805473,0.2793196,0.189313033534425,27.9528523828502,0.0176404533265306,98.1751828454,97.3240031079592,NA,NA,NA,NA,182.715273943973,NA,1.35597620038865,-6.90775527898214,-1.27539863305459,-1.66435337192503,"Forecasted"
"European Region","2028",0,3.869568990625,0.2785293875,0.316335086289958,27.8095533732385,0.0176404533265306,98.1751828454,97.3240031079592,NA,NA,NA,NA,186.47573509497,NA,1.35314312890785,-6.90775527898214,-1.27823170453539,-1.15095322757003,"Forecasted"
"European Region","2029",0,3.8501664,0.2771328,0.540903715639057,27.6662543636269,0.0176404533265306,98.1751828454,97.3240031079592,NA,NA,NA,NA,190.236196245966,NA,1.34811636814492,-6.90775527898214,-1.28325846529832,-0.614513990764222,"Forecasted"
"European Region","2030",0,3.818218559375,0.2748332125,0.910797267972928,27.5229553540153,0.0176404533265306,98.1751828454,97.3240031079592,NA,NA,NA,NA,193.996657396963,NA,1.33978396813215,-6.90775527898214,-1.29159086531109,-0.0934349443876001,"Forecasted"
"Region of the Americas","2000",0,5.88,0.38,1,13.0880109911111,8.2523463257037,88.6754529607407,77.1069348603571,61.4906999207143,41.6965701029412,122.245450018278,23129104.3055556,33.7134906130769,NA,1.77155676191054,-6.90775527898214,-0.967584026261706,0,"Historical"
"Region of the Americas","2001",0,5.81,0.38,0.94,13.2760507239259,7.92771511111111,89.0679045981481,77.6197650535714,61.8516584357143,41.9327477176471,123.212556683889,23419176.8888889,32.2710316985769,NA,1.75958057086382,-6.90775527898214,-0.967584026261706,-0.0618754037180875,"Historical"
"Region of the Americas","2002",0,5.74,0.38,0.89,13.4935187621111,7.60706427037037,89.4909483188889,78.1401000089286,62.1922261707143,42.1269523841176,124.214706177528,23699974.7222222,31.7321803448077,NA,1.74745921033147,-6.90775527898214,-0.967584026261706,-0.116533816255952,"Historical"
"Region of the Americas","2003",0,5.66,0.37,0.86,13.6932752554444,7.27267906507407,89.9185256574074,78.6635929235714,62.5904974371429,42.4512842188235,125.14549209125,23969686.4444444,32.219810874,NA,1.73342389221509,-6.90775527898214,-0.994252273343867,-0.150822889734584,"Historical"
"Region of the Americas","2004",0,5.58,0.37,0.82,13.874946684963,6.94817885566667,90.3140385588889,79.1803637128571,62.9886240664286,42.8854370494118,126.031400380389,24241831.1666667,33.0355370862308,NA,1.71918877639322,-6.90775527898214,-0.994252273343867,-0.198450938723838,"Historical"
"Region of the Americas","2005",0,5.47,0.37,0.78,13.4965280146296,6.62705003192593,90.7031601174074,79.72967741,63.3874533442857,43.2805508347059,126.556216564833,24510442.75,33.9925730300769,NA,1.69927861643389,-6.90775527898214,-0.994252273343867,-0.2484613592985,"Historical"
"Region of the Americas","2006",0,5.27,0.37,0.75,13.6157410315185,6.31001500396296,91.0873016214815,80.2822941942857,63.78579248,43.6783020547059,127.331118566306,24783032.1388889,36.5413219071538,NA,1.66203036255327,-6.90775527898214,-0.994252273343867,-0.287682072451781,"Historical"
"Region of the Americas","2007",0,4.96,0.37,0.7,13.716820911,5.99685343918518,91.4679306251852,80.8482850139286,64.181215655,44.0769396105882,128.106755535361,25053981.7777778,38.5095248179615,NA,1.60140574073684,-6.90775527898214,-0.994252273343867,-0.356674943938732,"Historical"
"Region of the Americas","2008",0,4.61,0.37,0.67,13.9149070024815,5.68770232485185,91.8454698937037,81.4131541610714,64.572678385,44.4795967970588,128.908795246111,25325578.7222222,38.9793963261538,NA,1.52822785700856,-6.90775527898214,-0.994252273343867,-0.400477566597125,"Historical"
"Region of the Americas","2009",0,4.28,0.37,0.63,13.9984292306667,5.38335464585185,92.2132680814815,81.9788135671429,65.1531774514286,44.8923002529412,129.6894489475,25590401.9166667,36.9112432221154,NA,1.45395300959371,-6.90775527898214,-0.994252273343867,-0.462035459596559,"Historical"
"Region of the Americas","2010",0,4.03,0.37,0.6,14.1163309485556,5.08287457162963,92.5761153211111,82.5431621385714,65.7342136385714,45.3152763870588,130.416243441806,25848376.3611111,36.3699329822692,NA,1.39376637595859,-6.90775527898214,-0.994252273343867,-0.510825623765991,"Historical"
"Region of the Americas","2011",0,3.86,0.37,0.66,14.1588945326667,4.78611717933333,92.9349123814815,83.1037098942857,66.314350655,45.7515335247059,131.069842955417,26095738.5833333,36.8299071841154,NA,1.35066718347674,-6.90775527898214,-0.994252273343867,-0.415515443961666,"Historical"
"Region of the Americas","2012",0,3.68,0.37,0.56,14.2413965757037,4.49303765907407,93.2903453677778,83.6630511210714,66.8940098114286,46.2215725217647,131.771603263917,26345236.75,38.0321832459231,NA,1.30291275218084,-6.90775527898214,-0.994252273343867,-0.579818495252942,"Historical"
"Region of the Americas","2013",0,3.5,0.37,0.56,14.2660750981852,4.204211179,93.6600373448148,84.2203531639286,67.5154264314286,46.6964826311765,132.524043957139,26589474.2777778,38.6218415315769,NA,1.25276296849537,-6.90775527898214,-0.994252273343867,-0.579818495252942,"Historical"
"Region of the Americas","2014",0,3.35,0.37,0.54,14.3128637609259,3.91908907414815,94.0261109796296,84.7665117867857,68.1380367407143,47.1757964223529,133.136008881528,26834632.25,39.4760802368077,NA,1.20896034583698,-6.90775527898214,-0.994252273343867,-0.616186139423817,"Historical"
"Region of the Americas","2015",0,3.25,0.36,0.52,14.0698312805556,3.63721424088889,94.3877233011111,85.3251439496429,68.7262192521429,47.6535393735294,133.671878696389,27074134.3333333,40.2872253098846,NA,1.17865499634165,-6.90775527898214,-1.02165124753198,-0.653926467406664,"Historical"
"Region of the Americas","2016",0,3.15,0.36,0.51,14.2754807126667,3.35872375774074,94.7362133396296,85.8788146335714,69.2349396064286,48.0973622352941,134.134856493083,27312776.6666667,40.5493520662692,NA,1.14740245283754,-6.90775527898214,-1.02165124753198,-0.673344553263766,"Historical"
"Region of the Americas","2017",0,3.04,0.36,0.49,14.2842318844074,3.07580212707407,95.0736179848148,86.4290086021429,69.5827313242857,48.4675636405882,134.491121939278,27539096.3055556,40.8919457552692,NA,1.11185751541813,-6.90775527898214,-1.02165124753198,-0.713349887877465,"Historical"
"Region of the Americas","2018",0,2.94,0.36,0.47,14.6411582728148,2.82529682696296,95.3665467574074,86.9483010560714,69.8553426357143,48.8184446047059,134.666737412694,27749956.6111111,42.0096252810385,NA,1.07840958135059,-6.90775527898214,-1.02165124753198,-0.755022584278033,"Historical"
"Region of the Americas","2019",0,2.88,0.36,0.47,14.6489190720741,2.59770829562963,95.5694971037037,87.4677479825,70.0625224285714,49.1726643788235,135.249500098028,27950193.6111111,42.792870049,NA,1.05779029414785,-6.90775527898214,-1.02165124753198,-0.755022584278033,"Historical"
"Region of the Americas","2020",0,2.72,0.34,0.36,14.6182450812222,2.39736010603704,95.7468150218518,87.9061585696429,70.2458764085714,49.4926545147059,136.088585956361,28179454.6111111,38.0587218605385,NA,1.00063188030791,-6.90775527898214,-1.07880966137193,-1.02165124753198,"Historical"
"Region of the Americas","2021",0,2.72,0.33,0.32,14.6790938498889,2.2279541357037,95.9171163681481,88.3116714728571,70.4225457392857,49.8082312217647,136.5191209735,28303685.6944444,39.9161368367308,NA,1.00063188030791,-6.90775527898214,-1.10866262452161,-1.13943428318836,"Historical"
"Region of the Americas","2022",0,2.71999915,0.329999896875,0.320014069199841,14.6790938498889,2.2279541357037,95.9171163681481,88.3116714728571,NA,NA,NA,NA,42.4939355300027,NA,1.00063156780786,-6.90775527898214,-1.10866293702166,-1.13939031790535,"Forecasted"
"Region of the Americas","2023",0,2.7199728,0.3299967,0.320450223330069,14.6790938498889,2.2279541357037,95.9171163681481,88.3116714728571,NA,NA,NA,NA,42.9410685315855,NA,1.00062188025791,-6.90775527898214,-1.10867262457161,-1.13802832410573,"Forecasted"
"Region of the Americas","2024",0,2.71979345,0.329974940625,0.32341895126399,14.6790938498889,2.2279541357037,95.9171163681481,88.3116714728571,NA,NA,NA,NA,43.3882015331685,NA,1.00055593992451,-6.90775527898214,-1.10873856490501,-1.12880673348187,"Forecasted"
"Region of the Americas","2025",0,2.7191296,0.3298944,0.334407718411679,14.6790938498889,2.2279541357037,95.9171163681481,88.3116714728571,NA,NA,NA,NA,43.8353345347514,NA,1.00031182909698,-6.90775527898214,-1.10898267573254,-1.09539431666332,"Forecasted"
"Region of the Americas","2026",0,2.71734375,0.329677734375,0.363969739796208,14.6790938498889,2.2279541357037,95.9171163681481,88.3116714728571,NA,NA,NA,NA,44.2824675363343,NA,0.999654840660079,-6.90775527898214,-1.10963966416944,-1.01068454722909,"Forecasted"
"Region of the Americas","2027",0,2.7133904,0.3291981,0.429412954170712,14.6790938498889,2.2279541357037,95.9171163681481,88.3116714728571,NA,NA,NA,NA,44.7296005379171,NA,0.998198923066203,-6.90775527898214,-1.11109558176331,-0.845336225919117,"Forecasted"
"Region of the Americas","2028",0,2.70571405,0.328266778125,0.556489199176292,14.6790938498889,2.2279541357037,95.9171163681481,88.3116714728571,NA,NA,NA,NA,45.1767335395001,NA,0.995365851585403,-6.90775527898214,-1.11392865324411,-0.586107516943129,"Forecasted"
"Region of the Americas","2029",0,2.6921472,0.3266208,0.781083587540748,14.6790938498889,2.2279541357037,95.9171163681481,88.3116714728571,NA,NA,NA,NA,45.623866541083,NA,0.990339090822474,-6.90775527898214,-1.11895541400704,-0.247073108568783,"Forecasted"
"Region of the Americas","2030",0,2.66980835,0.323910571875,1.15090408431815,14.6790938498889,2.2279541357037,95.9171163681481,88.3116714728571,NA,NA,NA,NA,46.0709995426658,NA,0.982006690809703,-6.90775527898214,-1.12728781401981,0.140547793789686,"Forecasted"
"South-East Asia Region","2000",0.22,21.77,0.83,10.13,32.6113729797143,25.9388451617778,82.98229291,49.68673914,38.4426778242857,23.6547845343333,307.067591757273,144179356.909091,64.1032180406667,NA,3.08053287524646,-1.51412773262978,-0.186329578191493,2.31550131826059,"Historical"
"South-East Asia Region","2001",0.22,21.73,0.82,9.71,32.8799489745714,24.7696590117778,83.584612974,51.0448415488889,38.8265474957143,24.499671473,312.278659394545,146663349.545455,63.5413954496667,NA,3.07869379426834,-1.51412773262978,-0.198450938723838,2.27315628230323,"Historical"
"South-East Asia Region","2002",0.21,21.72,0.8,9.39,33.1961440167143,23.5587999373333,84.191099469,52.5989077755556,39.2051415357143,25.3818978423333,317.232426975455,149090501.181818,68.8884354648333,NA,3.07823349506573,-1.56064774826467,-0.22314355131421,2.23964529322017,"Historical"
"South-East Asia Region","2003",0.2,21.73,0.78,9.16,33.5123390587143,22.3583734377778,84.794384366,54.1586098811111,39.5868473471429,26.2702078033333,321.84095182,151448946.727273,79.1533981925,NA,3.07869379426834,-1.6094379124341,-0.2484613592985,2.21484617868604,"Historical"
"South-East Asia Region","2004",0.19,21.71,0.77,8.7,33.1625164378571,21.1685319451111,85.388157612,55.7236136633333,39.96621697,27.326943385,326.268220876364,153780188.363636,84.7805562753333,NA,3.0777729838902,-1.66073120682165,-0.261364764134408,2.16332302566054,"Historical"
"South-East Asia Region","2005",0.18,21.75,0.77,8.58,33.0528533227143,19.9902721743333,85.947131047,57.3012508944444,40.3200871557143,28.3653198433333,330.544898208182,156050778.454545,85.8508349113333,NA,3.07961375753469,-1.71479842809193,-0.261364764134408,2.14943391349987,"Historical"
"South-East Asia Region","2006",0.18,21.81,0.76,8.31,33.294217887,18.8289141745556,86.495167636,58.86860925,40.6719538914286,29.40160891,335.475392961818,158272084.272727,103.007541074667,NA,3.08236858021354,-1.71479842809193,-0.27443684570176,2.11745960886736,"Historical"
"South-East Asia Region","2007",0.17,21.91,0.74,8.04,33.5627933355714,17.6855095751111,87.038144767,60.4305147022222,41.0263722914286,30.45588705,341.266767356364,160444591.090909,106.196316257,NA,3.08694315360738,-1.77195684193188,-0.301105092783922,2.08442908319087,"Historical"
"South-East Asia Region","2008",0.16,21.97,0.73,7.66,33.7769470155714,16.5508291806667,87.580163684,62.0158044766667,41.3835308414286,31.5156678133333,347.257476024545,162546612.454545,114.1467424755,NA,3.08967788639652,-1.83258146374831,-0.3147107448397,2.0360119837525,"Historical"
"South-East Asia Region","2009",0.16,22.06,0.71,7.47,33.0840712161429,15.4252831663333,88.119348088,63.6058586188889,41.7459217685714,32.47468253,353.281481559091,164664443.727273,171.4472379195,NA,3.09376601382536,-1.83258146374831,-0.342490308946776,2.01089499914473,"Historical"
"South-East Asia Region","2010",0.15,22.06,0.7,7.17,32.3911954171429,14.3092576234444,88.655378203,65.2025077655556,42.1115051528571,33.4281212716667,359.376945334545,166813463.454545,511.628663206,NA,3.09376601382536,-1.89711998488588,-0.356674943938732,1.96990565461153,"Historical"
"South-East Asia Region","2011",0.14,21.98,0.68,6.84,34.276545987,13.2047057581111,89.185584353,66.8040402433333,42.96040267,34.3802147183333,365.601466405455,168952524,121.812939047833,NA,3.09013294897548,-1.96611285637283,-0.385662480811985,1.92278773163446,"Historical"
"South-East Asia Region","2012",0.13,21.81,0.66,6.53,34.4067945141429,12.1086372863333,89.713003557,68.4122759388889,43.8390038471429,35.3342740083333,371.976092158182,171079250.454545,124.778999532167,NA,3.08236858021354,-2.04022082852655,-0.415515443961666,1.87640694328834,"Historical"
"South-East Asia Region","2013",0.12,21.62,0.63,6.26,34.5370430427143,11.0213521065556,90.237964858,70.0264773377778,44.4829858785714,36.2909976666667,377.264052217273,173100943.272727,133.3966282815,NA,3.07361881221106,-2.12026353620009,-0.462035459596559,1.83418018511201,"Historical"
"South-East Asia Region","2014",0.1,21.45,0.59,5.9,34.6672915698571,9.95150045277778,90.760573652,71.6465741611111,45.2356019814286,37.3260777916667,383.728241896364,175113437.363636,143.740990743833,NA,3.06572464537403,-2.30258509299405,-0.527632742082372,1.77495235091167,"Historical"
"South-East Asia Region","2015",0.1,21.36,0.57,5.55,34.7975400984286,8.98186864466667,91.281008291,73.2683411211111,45.9946875842857,38.3687040233333,390.890367800909,177052696.272727,149.465249945667,NA,3.06152001409199,-2.30258509299405,-0.562118918153541,1.71379792775834,"Historical"
"South-East Asia Region","2016",0.09,21.39,0.54,5.22,34.9277886255714,8.020577306,91.782875684,74.8848969111111,46.7471727357143,39.4184256833333,397.905930855455,179001950.636364,159.220891735,NA,3.06292352309431,-2.40794560865187,-0.616186139423817,1.65249740189455,"Historical"
"South-East Asia Region","2017",0.08,21.5,0.52,4.98,34.9277886255714,7.06105608533333,92.255226912,76.4936230444444,47.4843546728571,40.4590791216667,404.755355664545,180907511.090909,170.4367488395,NA,3.06805293513362,-2.52572864430826,-0.653926467406664,1.60542989103656,"Historical"
"South-East Asia Region","2018",0.08,21.67,0.5,4.72,34.9277886255714,6.11054550888889,92.665071876,78.0965635244444,48.18680311,41.492344475,411.491236282727,182724726.545455,185.080616605,NA,3.07592881554827,-2.52572864430826,-0.693147180559945,1.55180879959746,"Historical"
"South-East Asia Region","2019",0.07,21.85,0.47,4.48,34.9277886255714,5.21858920033333,93.097624738,79.6968995722222,48.8223384485714,42.5583287383333,418.18799634,184491266.181818,198.4484388775,NA,3.0842009215416,-2.65926003693278,-0.755022584278033,1.49962304642689,"Historical"
"South-East Asia Region","2020",0.07,20.96,0.43,3.82,34.9277886255714,4.41902338755556,93.524198613,81.2803275855556,49.4225053128571,43.6542966316667,424.880416447273,186182604.909091,134.180233732333,NA,3.04261585945284,-2.65926003693278,-0.843970070294529,1.34025042261848,"Historical"
"South-East Asia Region","2021",0.06,20.91,0.41,3.35,34.9277886255714,3.65739480888889,93.923921427,82.8282739588889,49.8575230157143,44.720637605,431.396500714545,187658228.727273,183.326744446833,NA,3.04022751344054,-2.81341071676004,-0.891598119283784,1.20896034583698,"Historical"
"South-East Asia Region","2022",0.0599999967339206,20.909993465625,0.409999871875,3.35001388374556,34.9277886255714,3.65739480888889,93.923921427,82.8282739588889,NA,NA,NA,NA,207.153586252167,NA,3.04022720094049,-2.81341077119469,-0.891598431783832,1.20896449023005,"Forecasted"
"South-East Asia Region","2023",0.0599998200870036,20.9097909,0.4099959,3.35044439049589,34.9277886255714,3.65739480888889,93.923921427,82.8282739588889,NA,NA,NA,NA,212.690132009058,NA,3.04021751339054,-2.81341371531447,-0.891608119333784,1.2090929909186,"Forecasted"
"South-East Asia Region","2024",0.05999823613266,20.908412146875,0.409968865625,3.35337543048475,34.9277886255714,3.65739480888889,93.923921427,82.8282739588889,NA,NA,NA,NA,218.22667776595,NA,3.04015157305714,-2.81344011498116,-0.891674059667182,1.20996742974717,"Forecasted"
"South-East Asia Region","2025",0.0599914698991419,20.9033088,0.4098688,3.36422757669424,34.9277886255714,3.65739480888889,93.923921427,82.8282739588889,NA,NA,NA,NA,223.763223522841,NA,3.03990746222962,-2.81355289521455,-0.891918170494709,1.21319839044505,"Forecasted"
"South-East Asia Region","2026",0.059971992775542,20.889580078125,0.409599609375,3.39342992281214,34.9277886255714,3.65739480888889,93.923921427,82.8282739588889,NA,NA,NA,NA,229.299769279731,NA,3.03925047379272,-2.81387761281334,-0.89257515893161,1.22184118653211,"Forecasted"
"South-East Asia Region","2027",0.0599280197458119,20.8591887,0.4090037,3.45809443054188,34.9277886255714,3.65739480888889,93.923921427,82.8282739588889,NA,NA,NA,NA,234.836315036622,NA,3.03779455619884,-2.81461110784435,-0.894031076525487,1.24071769473726,"Forecasted"
"South-East Asia Region","2028",0.0598437752129089,20.800176759375,0.407846603125,3.58369276626545,34.9277886255714,3.65739480888889,93.923921427,82.8282739588889,NA,NA,NA,NA,240.372860793514,NA,3.03496148471804,-2.81601785885489,-0.896864148006287,1.27639376773994,"Forecasted"
"South-East Asia Region","2029",0.0597003892090876,20.6958816,0.4058016,3.80573562705897,34.9277886255714,3.65739480888889,93.923921427,82.8282739588889,NA,NA,NA,NA,245.909406550405,NA,3.02993472395511,-2.81841673918963,-0.901890908769216,1.33650930431184,"Forecasted"
"South-East Asia Region","2030",0.0594772086256508,20.524151690625,0.402434346875,4.17145455606108,34.9277886255714,3.65739480888889,93.923921427,82.8282739588889,NA,NA,NA,NA,251.445952307295,NA,3.02160232394234,-2.82216208812069,-0.910223308781986,1.42826478939225,"Forecasted"
"Western Pacific Region","2000",0.01,6.64,0.5,0.7,42.848067229,15.6669768804286,82.5660011528571,67.484937346087,47.5589344310667,54.49079244625,378.27143976164,66853813.32,39.8196850400833,NA,1.89311196348834,-4.60517018598809,-0.693147180559945,-0.356674943938732,"Historical"
"Western Pacific Region","2001",0.01,6.53,0.49,0.63,44.1730097241667,15.2503903615714,82.9493136461905,67.9793996708696,47.9073047213333,54.99941371,385.8503823426,67411534.32,39.6180649825,NA,1.87640694328834,-4.60517018598809,-0.713349887877465,-0.462035459596559,"Historical"
"Western Pacific Region","2002",0.01,6.45,0.48,0.56,45.117575587,14.8186510806667,83.3618741638095,68.5979323473913,48.3242850216,55.457185076875,387.22756503636,67933100.72,40.5812552584167,NA,1.86408013080768,-4.60517018598809,-0.7339691750802,-0.579818495252942,"Historical"
"Western Pacific Region","2003",0.01,6.37,0.48,0.5,46.33641809225,14.3870433462381,83.7712640119048,69.2405287373913,48.7475300376667,56.025851705,380.3507124854,68426752.8,41.4481602298333,NA,1.85159946958407,-4.60517018598809,-0.7339691750802,-0.693147180559945,"Historical"
"Western Pacific Region","2004",0.01,6.28,0.47,0.46,47.5584904276667,13.9433378428571,84.1678195238095,69.9184387047826,49.0878603213333,56.64027705375,383.68122847444,68898275.12,42.6221598199167,NA,1.83736998048011,-4.60517018598809,-0.755022584278033,-0.776528789498996,"Historical"
"Western Pacific Region","2005",0.01,6.16,0.46,0.43,48.47204579375,13.468214039619,84.58669416,70.6505494,49.389864317,57.289645836875,390.25436839448,69364175.8,43.602631377,NA,1.81807677754543,-4.60517018598809,-0.776528789498996,-0.843970070294529,"Historical"
"Western Pacific Region","2006",0.01,5.96,0.46,0.41,45.9383203424167,12.9989920358571,84.993676227619,71.3545974147826,49.7444332465333,57.9222038775,397.24092428592,69836802.36,46.3779053750833,NA,1.78507048107726,-4.60517018598809,-0.776528789498996,-0.891598119283784,"Historical"
"Western Pacific Region","2007",0.01,5.66,0.45,0.38,43.2967006075,12.5284456148095,85.4007621309524,72.0853839386957,50.1043199651333,58.589919478125,408.66790876068,70318756.44,48.8444556904167,NA,1.73342389221509,-4.60517018598809,-0.798507696217772,-0.967584026261706,"Historical"
"Western Pacific Region","2008",0.01,5.34,0.45,0.35,40.7314649941667,12.0601254291429,85.8025816095238,72.7999274369565,50.4690960872,59.26072857625,422.1759707014,70808529.12,50.5377420101667,NA,1.6752256529721,-4.60517018598809,-0.798507696217772,-1.04982212449868,"Historical"
"Western Pacific Region","2009",0.01,5.06,0.45,0.33,38.0255146325833,11.5908953719048,86.1981626204762,73.5121075526087,50.8409226769333,59.93383615,431.6670227078,71273164.8,52.2515699573333,NA,1.62136648329937,-4.60517018598809,-0.798507696217772,-1.10866262452161,"Historical"
"Western Pacific Region","2010",0.01,4.88,0.44,0.31,35.3156384045,11.1251627145714,86.5821131219048,74.2202211643478,51.2159193852667,60.61314247375,437.02698012956,71725005.72,58.1574535334167,NA,1.58514521986506,-4.60517018598809,-0.82098055206983,-1.17118298150295,"Historical"
"Western Pacific Region","2011",0.01,4.76,0.44,0.3,32.7376675910833,10.6706652784286,86.946638187619,74.9050042426087,51.5822740514,61.1808066475,443.50532461116,72204257.68,62.9541653876667,NA,1.56024766824333,-4.60517018598809,-0.82098055206983,-1.20397280432594,"Historical"
"Western Pacific Region","2012",0.01,4.63,0.43,0.29,30.60954430675,10.2235569519048,87.2991919352381,75.58169887,51.9410516817333,61.716860039375,451.22124780396,72758567.72,66.9965522765,NA,1.53255686809814,-4.60517018598809,-0.843970070294529,-1.23787435600162,"Historical"
"Western Pacific Region","2013",0.01,4.51,0.43,0.27,28.50364749975,9.77919005576191,87.6866927123809,76.2549659413043,52.3098379933333,62.223820701875,456.95855815068,73307376.96,72.9596960078333,NA,1.50629715351459,-4.60517018598809,-0.843970070294529,-1.30933331998376,"Historical"
"Western Pacific Region","2014",0.01,4.4,0.42,0.26,26.4902826678333,9.33752007152381,88.0725193742857,76.9250543443478,52.6703062274667,62.735029030625,461.16498278984,73836200,82.4554942400833,NA,1.48160454092422,-4.60517018598809,-0.867500567704723,-1.34707364796661,"Historical"
"Western Pacific Region","2015",0.01,4.33,0.42,0.25,24.1582720870833,8.89856445171429,88.4525311261905,77.5919197565217,53.0321629447333,63.250199499375,465.85996940232,74336343.8,102.124113867333,NA,1.4655675420144,-4.60517018598809,-0.867500567704723,-1.38629436111989,"Historical"
"Western Pacific Region","2016",0.01,4.28,0.42,0.24,24.3372704546667,8.46228373542857,88.8414103647619,78.2508738326087,53.3948976386,63.76909622,470.85367211568,74833566.04,102.615573886833,NA,1.45395300959371,-4.60517018598809,-0.867500567704723,-1.42711635564015,"Historical"
"Western Pacific Region","2017",0.01,4.24,0.42,0.23,24.1833679564167,8.02872170809524,89.2136466047619,78.8997405169565,53.7584321825333,64.290887415625,470.67068042768,75343263.48,106.3136093625,NA,1.44456326924387,-4.60517018598809,-0.867500567704723,-1.46967597005894,"Historical"
"Western Pacific Region","2018",0.01,4.21,0.42,0.22,24.0118746220833,7.63452150452381,89.5968428285714,79.540861426087,54.124052476,64.81746233875,471.96966722436,75770290.12,110.563575386583,NA,1.43746264769429,-4.60517018598809,-0.867500567704723,-1.51412773262978,"Historical"
"Western Pacific Region","2019",0.01,4.2,0.41,0.21,24.0470778850833,7.25976468428571,90.0067242942857,80.137920363913,54.4883225832667,65.3305358175,475.17302524988,76127457.24,113.932326476833,NA,1.43508452528932,-4.60517018598809,-0.891598119283784,-1.56064774826467,"Historical"
"Western Pacific Region","2020",0.01,4.2,0.41,0.19,23.8581758018333,6.96788512823809,90.32430314,80.6372855043478,54.8300970258667,65.61662335,473.59109872436,76397215.6,112.21085204775,NA,1.43508452528932,-4.60517018598809,-0.891598119283784,-1.66073120682165,"Historical"
"Western Pacific Region","2021",0.01,4.07,0.4,0.18,23.95099177825,6.68657906990476,90.6429878161905,81.0861187,55.1649447710667,65.7902721975,460.77155772604,76531248.28,114.75625624475,NA,1.4036429994545,-4.60517018598809,-0.916290731874155,-1.71479842809193,"Historical"
"Western Pacific Region","2022",0.01,4.069998728125,0.399999875,0.180014522374605,18.8833340092906,6.68657906990476,90.6429878161905,81.0861187,NA,NA,NA,NA,119.961683529571,NA,1.40364268695445,-4.60517018598809,-0.916291044374204,-1.71471775148746,"Forecasted"
"Western Pacific Region","2023",0.01,4.0699593,0.399996,0.180465298583383,17.5028278026448,6.68657906990476,90.6429878161905,81.0861187,NA,NA,NA,NA,124.259761550091,NA,1.4036329994045,-4.60517018598809,-0.916300731924155,-1.71221677130752,"Forecasted"
"Western Pacific Region","2024",0.01,4.069690934375,0.399969625,0.183537785206228,16.122321595999,6.68657906990476,90.6429878161905,81.0861187,NA,NA,NA,NA,128.557839570612,NA,1.40356705907111,-4.60517018598809,-0.916366672257553,-1.69533471875448,"Forecasted"
"Western Pacific Region","2025",0.01,4.0686976,0.399872,0.194926840814687,14.7418153893532,6.68657906990476,90.6429878161905,81.0861187,NA,NA,NA,NA,132.855917591132,NA,1.40332294824358,-4.60517018598809,-0.91661078308508,-1.63513096612355,"Forecasted"
"Western Pacific Region","2026",0.01,4.066025390625,0.399609375,0.225609997216506,13.3613091827069,6.68657906990476,90.6429878161905,81.0861187,NA,NA,NA,NA,137.153995611652,NA,1.40266595980668,-4.60517018598809,-0.917267771521982,-1.48894744643711,"Forecasted"
"Western Pacific Region","2027",0.01,4.0601099,0.399028,0.293633839111024,11.9808029760611,6.68657906990476,90.6429878161905,81.0861187,NA,NA,NA,NA,141.452073632172,NA,1.4012100422128,-4.60517018598809,-0.918723689115858,-1.22542173305548,"Forecasted"
"Western Pacific Region","2028",0.01,4.048623596875,0.397899125,0.425913492155425,10.6002967694153,6.68657906990476,90.6429878161905,81.0861187,NA,NA,NA,NA,145.750151652694,NA,1.398376970732,-4.60517018598809,-0.921556760596658,-0.85351902339197,"Forecasted"
"Western Pacific Region","2029",0.01,4.0283232,0.395904,0.660045219441853,9.2197905627695,6.68657906990476,90.6429878161905,81.0861187,NA,NA,NA,NA,150.048229673213,NA,1.39335020996907,-4.60517018598809,-0.926583521359587,-0.415446932002826,"Forecasted"
"Western Pacific Region","2030",0.01,3.994897053125,0.392618875,1.04613212638537,7.8392843561237,6.68657906990476,90.6429878161905,81.0861187,NA,NA,NA,NA,154.346307693733,NA,1.3850178099563,-4.60517018598809,-0.934915921372358,0.0450996735215492,"Forecasted"
